collection_key,theme_slug,theme_name,theme_group,title,edition_key,subcourse,provider,dataset_key,source_name,source_url,source_item_key,official_ordinal,place_name,address_hint,feature_id,sort_order,item_title,item_summary,metadata_json
heritage-visit-campaign:gaya-civilization-route:current,gaya-civilization-route,가야 문명의 길,국가유산 방문 캠페인,가야 문명의 길 · 국가유산 방문 캠페인,current,,korea-heritage-agency,heritage-visit-campaign-current,국가유산진흥원,https://www.kh.or.kr/visit/kor/road/1/view.do?key=2408220001,heritage-01-01,1,고령 지산동 고분군,,f_4783025326_p_ae9f886279feb6ec,1,고령 지산동 고분군,가야 문명의 길 공식 방문 거점,"{""route_number"":1,""is_plus_spot"":false,""feature_match_confidence"":""exact"",""feature_match_reasons"":[""공식·공공 제공자 후보의 명칭이 일치하고 지역 단서가 충돌하지 않음""],""feature_match_partial"":false}"
heritage-visit-campaign:gaya-civilization-route:current,gaya-civilization-route,가야 문명의 길,국가유산 방문 캠페인,가야 문명의 길 · 국가유산 방문 캠페인,current,,korea-heritage-agency,heritage-visit-campaign-current,국가유산진흥원,https://www.kh.or.kr/visit/kor/road/1/view.do?key=2408220001,heritage-01-02,2,고성 송학동 고분군,,f_4882025025_p_c67bfb91de574fe1,2,고성 송학동 고분군,가야 문명의 길 공식 방문 거점,"{""route_number"":1,""is_plus_spot"":false,""feature_match_confidence"":""exact"",""feature_match_reasons"":[""공식·공공 제공자 후보의 명칭이 일치하고 지역 단서가 충돌하지 않음""],""feature_match_partial"":false}"
heritage-visit-campaign:gaya-civilization-route:current,gaya-civilization-route,가야 문명의 길,국가유산 방문 캠페인,가야 문명의 길 · 국가유산 방문 캠페인,current,,korea-heritage-agency,heritage-visit-campaign-current,국가유산진흥원,https://www.kh.or.kr/visit/kor/road/1/view.do?key=2408220001,heritage-01-03,3,국립김해박물관,,f_4825010600_p_036e0e5f1b791d0f,3,국립김해박물관,가야 문명의 길 공식 방문 거점,"{""route_number"":1,""is_plus_spot"":false,""feature_match_confidence"":""exact"",""feature_match_reasons"":[""공식·공공 제공자 후보의 명칭이 일치하고 지역 단서가 충돌하지 않음""],""feature_match_partial"":false}"
heritage-visit-campaign:gaya-civilization-route:current,gaya-civilization-route,가야 문명의 길,국가유산 방문 캠페인,가야 문명의 길 · 국가유산 방문 캠페인,current,,korea-heritage-agency,heritage-visit-campaign-current,국가유산진흥원,https://www.kh.or.kr/visit/kor/road/1/view.do?key=2408220001,heritage-01-04,4,김해 대성동 고분군,,f_4825010500_p_7145c9c99ef0e660,4,김해 대성동 고분군,가야 문명의 길 공식 방문 거점,"{""route_number"":1,""is_plus_spot"":false,""feature_match_confidence"":""exact"",""feature_match_reasons"":[""공식·공공 제공자 후보의 명칭이 일치하고 지역 단서가 충돌하지 않음""],""feature_match_partial"":false}"
heritage-visit-campaign:gaya-civilization-route:current,gaya-civilization-route,가야 문명의 길,국가유산 방문 캠페인,가야 문명의 길 · 국가유산 방문 캠페인,current,,korea-heritage-agency,heritage-visit-campaign-current,국가유산진흥원,https://www.kh.or.kr/visit/kor/road/1/view.do?key=2408220001,heritage-01-05,5,김해 수로왕릉,,f_4825010200_p_7de95ac7555ac51f,5,김해 수로왕릉,가야 문명의 길 공식 방문 거점,"{""route_number"":1,""is_plus_spot"":false,""feature_match_confidence"":""exact"",""feature_match_reasons"":[""공식·공공 제공자 후보의 명칭이 일치하고 지역 단서가 충돌하지 않음""],""feature_match_partial"":false}"
heritage-visit-campaign:gaya-civilization-route:current,gaya-civilization-route,가야 문명의 길,국가유산 방문 캠페인,가야 문명의 길 · 국가유산 방문 캠페인,current,,korea-heritage-agency,heritage-visit-campaign-current,국가유산진흥원,https://www.kh.or.kr/visit/kor/road/1/view.do?key=2408220001,heritage-01-06,6,남원 유곡리와 두락리 고분군,,f_5219047026_p_d7c489731a76fe85,6,남원 유곡리와 두락리 고분군,가야 문명의 길 공식 방문 거점,"{""route_number"":1,""is_plus_spot"":false,""feature_match_confidence"":""exact"",""feature_match_reasons"":[""공식·공공 제공자 후보의 명칭이 일치하고 지역 단서가 충돌하지 않음""],""feature_match_partial"":false}"
heritage-visit-campaign:gaya-civilization-route:current,gaya-civilization-route,가야 문명의 길,국가유산 방문 캠페인,가야 문명의 길 · 국가유산 방문 캠페인,current,,korea-heritage-agency,heritage-visit-campaign-current,국가유산진흥원,https://www.kh.or.kr/visit/kor/road/1/view.do?key=2408220001,heritage-01-07,7,창녕 교동과 송현동 고분군,,f_4874025022_p_86d9988a6b9e3460,7,창녕 교동과 송현동 고분군,가야 문명의 길 공식 방문 거점,"{""route_number"":1,""is_plus_spot"":false,""feature_match_confidence"":""exact"",""feature_match_reasons"":[""공식·공공 제공자 후보의 명칭이 일치하고 지역 단서가 충돌하지 않음""],""feature_match_partial"":false}"
heritage-visit-campaign:gaya-civilization-route:current,gaya-civilization-route,가야 문명의 길,국가유산 방문 캠페인,가야 문명의 길 · 국가유산 방문 캠페인,current,,korea-heritage-agency,heritage-visit-campaign-current,국가유산진흥원,https://www.kh.or.kr/visit/kor/road/1/view.do?key=2408220001,heritage-01-08,8,함안 말이산 고분군,,f_4873025024_p_2cf37f2852e97e0d,8,함안 말이산 고분군,가야 문명의 길 공식 방문 거점,"{""route_number"":1,""is_plus_spot"":false,""feature_match_confidence"":""exact"",""feature_match_reasons"":[""공식·공공 제공자 후보의 명칭이 일치하고 지역 단서가 충돌하지 않음""],""feature_match_partial"":false}"
heritage-visit-campaign:gaya-civilization-route:current,gaya-civilization-route,가야 문명의 길,국가유산 방문 캠페인,가야 문명의 길 · 국가유산 방문 캠페인,current,,korea-heritage-agency,heritage-visit-campaign-current,국가유산진흥원,https://www.kh.or.kr/visit/kor/road/1/view.do?key=2408220001,heritage-01-09,9,합천 옥전 고분군,,f_4889037027_p_c218f78842f2dda8,9,합천 옥전 고분군,가야 문명의 길 공식 방문 거점,"{""route_number"":1,""is_plus_spot"":false,""feature_match_confidence"":""exact"",""feature_match_reasons"":[""공식·공공 제공자 후보의 명칭이 일치하고 지역 단서가 충돌하지 않음""],""feature_match_partial"":false}"
heritage-visit-campaign:gwandong-pungnyu-route:current,gwandong-pungnyu-route,관동 풍류의 길,국가유산 방문 캠페인,관동 풍류의 길 · 국가유산 방문 캠페인,current,,korea-heritage-agency,heritage-visit-campaign-current,국가유산진흥원,https://www.kh.or.kr/visit/kor/road/2/view.do?key=2408220002,heritage-02-01,1,강릉 경포대,,f_5115013700_p_57b1235b08e8e8e3,10,강릉 경포대,관동 풍류의 길 공식 방문 거점,"{""route_number"":2,""is_plus_spot"":false,""feature_match_confidence"":""exact"",""feature_match_reasons"":[""공식·공공 제공자 후보의 명칭이 일치하고 지역 단서가 충돌하지 않음""],""feature_match_partial"":false}"
heritage-visit-campaign:gwandong-pungnyu-route:current,gwandong-pungnyu-route,관동 풍류의 길,국가유산 방문 캠페인,관동 풍류의 길 · 국가유산 방문 캠페인,current,,korea-heritage-agency,heritage-visit-campaign-current,국가유산진흥원,https://www.kh.or.kr/visit/kor/road/2/view.do?key=2408220002,heritage-02-02,2,강릉 선교장,,,11,강릉 선교장,관동 풍류의 길 공식 방문 거점,"{""route_number"":2,""is_plus_spot"":false,""feature_match_confidence"":""review"",""feature_match_reasons"":[""지역이 맞는 공공 후보가 있으나 명칭이 동일 장소라고 단정할 수 없어 Feature ID를 채택하지 않음""],""feature_match_partial"":false,""feature_match_status"":""unresolved""}"
heritage-visit-campaign:gwandong-pungnyu-route:current,gwandong-pungnyu-route,관동 풍류의 길,국가유산 방문 캠페인,관동 풍류의 길 · 국가유산 방문 캠페인,current,,korea-heritage-agency,heritage-visit-campaign-current,국가유산진흥원,https://www.kh.or.kr/visit/kor/road/2/view.do?key=2408220002,heritage-02-03,3,강릉 오죽헌,,f_5115013300_p_df623a6c3330ac66,12,강릉 오죽헌,관동 풍류의 길 공식 방문 거점,"{""route_number"":2,""is_plus_spot"":false,""feature_match_confidence"":""exact"",""feature_match_reasons"":[""공식·공공 제공자 후보의 명칭이 일치하고 지역 단서가 충돌하지 않음""],""feature_match_partial"":false}"
heritage-visit-campaign:gwandong-pungnyu-route:current,gwandong-pungnyu-route,관동 풍류의 길,국가유산 방문 캠페인,관동 풍류의 길 · 국가유산 방문 캠페인,current,,korea-heritage-agency,heritage-visit-campaign-current,국가유산진흥원,https://www.kh.or.kr/visit/kor/road/2/view.do?key=2408220002,heritage-02-04,4,속초 신흥사,,,13,속초 신흥사,관동 풍류의 길 공식 방문 거점,"{""route_number"":2,""is_plus_spot"":false,""feature_match_confidence"":""review"",""feature_match_reasons"":[""지역이 맞는 공공 후보가 있으나 명칭이 동일 장소라고 단정할 수 없어 Feature ID를 채택하지 않음""],""feature_match_partial"":false,""feature_match_status"":""unresolved""}"
heritage-visit-campaign:gwandong-pungnyu-route:current,gwandong-pungnyu-route,관동 풍류의 길,국가유산 방문 캠페인,관동 풍류의 길 · 국가유산 방문 캠페인,current,,korea-heritage-agency,heritage-visit-campaign-current,국가유산진흥원,https://www.kh.or.kr/visit/kor/road/2/view.do?key=2408220002,heritage-02-05,5,양양 낙산사,,f_5183035039_p_1ef3dcf74fd9fd59,14,양양 낙산사,관동 풍류의 길 공식 방문 거점,"{""route_number"":2,""is_plus_spot"":false,""feature_match_confidence"":""high"",""feature_match_reasons"":[""행정구역 접두어 또는 공식 범위 접미어만 다른 동일 장소 후보임""],""feature_match_partial"":false}"
heritage-visit-campaign:gwandong-pungnyu-route:current,gwandong-pungnyu-route,관동 풍류의 길,국가유산 방문 캠페인,관동 풍류의 길 · 국가유산 방문 캠페인,current,,korea-heritage-agency,heritage-visit-campaign-current,국가유산진흥원,https://www.kh.or.kr/visit/kor/road/2/view.do?key=2408220002,heritage-02-06,6,평창 월정사,,,15,평창 월정사,관동 풍류의 길 공식 방문 거점,"{""route_number"":2,""is_plus_spot"":false,""feature_match_confidence"":""review"",""feature_match_reasons"":[""지역이 맞는 공공 후보가 있으나 명칭이 동일 장소라고 단정할 수 없어 Feature ID를 채택하지 않음""],""feature_match_partial"":false,""feature_match_status"":""unresolved""}"
heritage-visit-campaign:baekje-ancient-capitals-route:current,baekje-ancient-capitals-route,백제 고도의 길,국가유산 방문 캠페인,백제 고도의 길 · 국가유산 방문 캠페인,current,,korea-heritage-agency,heritage-visit-campaign-current,국가유산진흥원,https://www.kh.or.kr/visit/kor/road/3/view.do?key=2408220003,heritage-03-01,1,공주 공산성,,f_4415010800_p_8dba34cab85c23fb,16,공주 공산성,백제 고도의 길 공식 방문 거점,"{""route_number"":3,""is_plus_spot"":false,""feature_match_confidence"":""exact"",""feature_match_reasons"":[""공식·공공 제공자 후보의 명칭이 일치하고 지역 단서가 충돌하지 않음""],""feature_match_partial"":false}"
heritage-visit-campaign:baekje-ancient-capitals-route:current,baekje-ancient-capitals-route,백제 고도의 길,국가유산 방문 캠페인,백제 고도의 길 · 국가유산 방문 캠페인,current,,korea-heritage-agency,heritage-visit-campaign-current,국가유산진흥원,https://www.kh.or.kr/visit/kor/road/3/view.do?key=2408220003,heritage-03-02,2,공주 마곡사,,,17,공주 마곡사,백제 고도의 길 공식 방문 거점,"{""route_number"":3,""is_plus_spot"":false,""feature_match_confidence"":""review"",""feature_match_reasons"":[""지역이 맞는 공공 후보가 있으나 명칭이 동일 장소라고 단정할 수 없어 Feature ID를 채택하지 않음""],""feature_match_partial"":false,""feature_match_status"":""unresolved""}"
heritage-visit-campaign:baekje-ancient-capitals-route:current,baekje-ancient-capitals-route,백제 고도의 길,국가유산 방문 캠페인,백제 고도의 길 · 국가유산 방문 캠페인,current,,korea-heritage-agency,heritage-visit-campaign-current,국가유산진흥원,https://www.kh.or.kr/visit/kor/road/3/view.do?key=2408220003,heritage-03-03,3,논산 돈암서원,,f_4423036029_p_7fa818e41dfc8ae3,18,논산 돈암서원,백제 고도의 길 공식 방문 거점,"{""route_number"":3,""is_plus_spot"":false,""feature_match_confidence"":""exact"",""feature_match_reasons"":[""공식·공공 제공자 후보의 명칭이 일치하고 지역 단서가 충돌하지 않음""],""feature_match_partial"":false}"
heritage-visit-campaign:baekje-ancient-capitals-route:current,baekje-ancient-capitals-route,백제 고도의 길,국가유산 방문 캠페인,백제 고도의 길 · 국가유산 방문 캠페인,current,,korea-heritage-agency,heritage-visit-campaign-current,국가유산진흥원,https://www.kh.or.kr/visit/kor/road/3/view.do?key=2408220003,heritage-03-04,4,부여나성,,f_4476025031_p_dd0c3952c43d6a55,19,부여나성,백제 고도의 길 공식 방문 거점,"{""route_number"":3,""is_plus_spot"":false,""feature_match_confidence"":""high"",""feature_match_reasons"":[""공식·공공 제공자 후보의 명칭이 일치하고 지역 단서가 충돌하지 않음""],""feature_match_partial"":false}"
heritage-visit-campaign:baekje-ancient-capitals-route:current,baekje-ancient-capitals-route,백제 고도의 길,국가유산 방문 캠페인,백제 고도의 길 · 국가유산 방문 캠페인,current,,korea-heritage-agency,heritage-visit-campaign-current,국가유산진흥원,https://www.kh.or.kr/visit/kor/road/3/view.do?key=2408220003,heritage-03-05,5,부여 부소산성,,f_4476025031_p_5c7bafa3cd6a80c4,20,부여 부소산성,백제 고도의 길 공식 방문 거점,"{""route_number"":3,""is_plus_spot"":false,""feature_match_confidence"":""exact"",""feature_match_reasons"":[""공식·공공 제공자 후보의 명칭이 일치하고 지역 단서가 충돌하지 않음""],""feature_match_partial"":false}"
heritage-visit-campaign:baekje-ancient-capitals-route:current,baekje-ancient-capitals-route,백제 고도의 길,국가유산 방문 캠페인,백제 고도의 길 · 국가유산 방문 캠페인,current,,korea-heritage-agency,heritage-visit-campaign-current,국가유산진흥원,https://www.kh.or.kr/visit/kor/road/3/view.do?key=2408220003,heritage-03-06,6,익산 미륵사지,,f_5214040026_p_885b97346f82f5d3,21,익산 미륵사지,백제 고도의 길 공식 방문 거점,"{""route_number"":3,""is_plus_spot"":false,""feature_match_confidence"":""exact"",""feature_match_reasons"":[""공식·공공 제공자 후보의 명칭이 일치하고 지역 단서가 충돌하지 않음""],""feature_match_partial"":false}"
heritage-visit-campaign:baekje-ancient-capitals-route:current,baekje-ancient-capitals-route,백제 고도의 길,국가유산 방문 캠페인,백제 고도의 길 · 국가유산 방문 캠페인,current,,korea-heritage-agency,heritage-visit-campaign-current,국가유산진흥원,https://www.kh.or.kr/visit/kor/road/3/view.do?key=2408220003,heritage-03-07,7,익산 왕궁리유적,,f_5214041033_p_5e157ec3da0aa434,22,익산 왕궁리유적,백제 고도의 길 공식 방문 거점,"{""route_number"":3,""is_plus_spot"":false,""feature_match_confidence"":""high"",""feature_match_reasons"":[""공식·공공 제공자 후보의 명칭이 일치하고 지역 단서가 충돌하지 않음""],""feature_match_partial"":false}"
heritage-visit-campaign:baekje-ancient-capitals-route:current,baekje-ancient-capitals-route,백제 고도의 길,국가유산 방문 캠페인,백제 고도의 길 · 국가유산 방문 캠페인,current,,korea-heritage-agency,heritage-visit-campaign-current,국가유산진흥원,https://www.kh.or.kr/visit/kor/road/3/view.do?key=2408220003,heritage-03-08,8,부여 왕릉원,,f_4476025000_p_1f84a5865a6dc385,23,부여 왕릉원,백제 고도의 길 공식 방문 거점,"{""route_number"":3,""is_plus_spot"":true,""feature_match_confidence"":""exact"",""feature_match_reasons"":[""공식·공공 제공자 후보의 명칭이 일치하고 지역 단서가 충돌하지 않음""],""feature_match_partial"":false}"
heritage-visit-campaign:baekje-ancient-capitals-route:current,baekje-ancient-capitals-route,백제 고도의 길,국가유산 방문 캠페인,백제 고도의 길 · 국가유산 방문 캠페인,current,,korea-heritage-agency,heritage-visit-campaign-current,국가유산진흥원,https://www.kh.or.kr/visit/kor/road/3/view.do?key=2408220003,heritage-03-09,9,부여 정림사지,,f_4476025028_p_72819de76355b9ce,24,부여 정림사지,백제 고도의 길 공식 방문 거점,"{""route_number"":3,""is_plus_spot"":true,""feature_match_confidence"":""exact"",""feature_match_reasons"":[""공식·공공 제공자 후보의 명칭이 일치하고 지역 단서가 충돌하지 않음""],""feature_match_partial"":false}"
heritage-visit-campaign:mountain-temples-route:current,mountain-temples-route,산사의 길,국가유산 방문 캠페인,산사의 길 · 국가유산 방문 캠페인,current,,korea-heritage-agency,heritage-visit-campaign-current,국가유산진흥원,https://www.kh.or.kr/visit/kor/road/4/view.do?key=2408220004,heritage-04-01,1,공주 마곡사,,,25,공주 마곡사,산사의 길 공식 방문 거점,"{""route_number"":4,""is_plus_spot"":false,""feature_match_confidence"":""review"",""feature_match_reasons"":[""지역이 맞는 공공 후보가 있으나 명칭이 동일 장소라고 단정할 수 없어 Feature ID를 채택하지 않음""],""feature_match_partial"":false,""feature_match_status"":""unresolved""}"
heritage-visit-campaign:mountain-temples-route:current,mountain-temples-route,산사의 길,국가유산 방문 캠페인,산사의 길 · 국가유산 방문 캠페인,current,,korea-heritage-agency,heritage-visit-campaign-current,국가유산진흥원,https://www.kh.or.kr/visit/kor/road/4/view.do?key=2408220004,heritage-04-02,2,보은 법주사,,f_4372031527_p_9b484b8e0e22d924,26,보은 법주사,산사의 길 공식 방문 거점,"{""route_number"":4,""is_plus_spot"":false,""feature_match_confidence"":""exact"",""feature_match_reasons"":[""공식·공공 제공자 후보의 명칭이 일치하고 지역 단서가 충돌하지 않음""],""feature_match_partial"":false}"
heritage-visit-campaign:mountain-temples-route:current,mountain-temples-route,산사의 길,국가유산 방문 캠페인,산사의 길 · 국가유산 방문 캠페인,current,,korea-heritage-agency,heritage-visit-campaign-current,국가유산진흥원,https://www.kh.or.kr/visit/kor/road/4/view.do?key=2408220004,heritage-04-03,3,순천 선암사,,f_4615025000_p_894ee961b51ddde3,27,순천 선암사,산사의 길 공식 방문 거점,"{""route_number"":4,""is_plus_spot"":false,""feature_match_confidence"":""exact"",""feature_match_reasons"":[""공식·공공 제공자 후보의 명칭이 일치하고 지역 단서가 충돌하지 않음""],""feature_match_partial"":false}"
heritage-visit-campaign:mountain-temples-route:current,mountain-temples-route,산사의 길,국가유산 방문 캠페인,산사의 길 · 국가유산 방문 캠페인,current,,korea-heritage-agency,heritage-visit-campaign-current,국가유산진흥원,https://www.kh.or.kr/visit/kor/road/4/view.do?key=2408220004,heritage-04-04,4,순천 송광사,,f_4615036023_p_bb7c1226758b9568,28,순천 송광사,산사의 길 공식 방문 거점,"{""route_number"":4,""is_plus_spot"":false,""feature_match_confidence"":""exact"",""feature_match_reasons"":[""공식·공공 제공자 후보의 명칭이 일치하고 지역 단서가 충돌하지 않음""],""feature_match_partial"":false}"
heritage-visit-campaign:mountain-temples-route:current,mountain-temples-route,산사의 길,국가유산 방문 캠페인,산사의 길 · 국가유산 방문 캠페인,current,,korea-heritage-agency,heritage-visit-campaign-current,국가유산진흥원,https://www.kh.or.kr/visit/kor/road/4/view.do?key=2408220004,heritage-04-05,5,안동 봉정사,,,29,안동 봉정사,산사의 길 공식 방문 거점,"{""route_number"":4,""is_plus_spot"":false,""feature_match_confidence"":""review"",""feature_match_reasons"":[""지역이 맞는 공공 후보가 있으나 명칭이 동일 장소라고 단정할 수 없어 Feature ID를 채택하지 않음""],""feature_match_partial"":false,""feature_match_status"":""unresolved""}"
heritage-visit-campaign:mountain-temples-route:current,mountain-temples-route,산사의 길,국가유산 방문 캠페인,산사의 길 · 국가유산 방문 캠페인,current,,korea-heritage-agency,heritage-visit-campaign-current,국가유산진흥원,https://www.kh.or.kr/visit/kor/road/4/view.do?key=2408220004,heritage-04-06,6,양산 통도사,,f_4833034022_p_e61108f059145588,30,양산 통도사,산사의 길 공식 방문 거점,"{""route_number"":4,""is_plus_spot"":false,""feature_match_confidence"":""high"",""feature_match_reasons"":[""행정구역 접두어를 제외한 통도사 공공 Feature가 양산 지역과 일치함""],""feature_match_partial"":false}"
heritage-visit-campaign:mountain-temples-route:current,mountain-temples-route,산사의 길,국가유산 방문 캠페인,산사의 길 · 국가유산 방문 캠페인,current,,korea-heritage-agency,heritage-visit-campaign-current,국가유산진흥원,https://www.kh.or.kr/visit/kor/road/4/view.do?key=2408220004,heritage-04-07,7,영주 부석사,,,31,영주 부석사,산사의 길 공식 방문 거점,"{""route_number"":4,""is_plus_spot"":false,""feature_match_confidence"":""review"",""feature_match_reasons"":[""지역이 맞는 공공 후보가 있으나 명칭이 동일 장소라고 단정할 수 없어 Feature ID를 채택하지 않음""],""feature_match_partial"":false,""feature_match_status"":""unresolved""}"
heritage-visit-campaign:mountain-temples-route:current,mountain-temples-route,산사의 길,국가유산 방문 캠페인,산사의 길 · 국가유산 방문 캠페인,current,,korea-heritage-agency,heritage-visit-campaign-current,국가유산진흥원,https://www.kh.or.kr/visit/kor/road/4/view.do?key=2408220004,heritage-04-08,8,합천 해인사,,f_4889033034_p_cb35033de5a863db,32,합천 해인사,산사의 길 공식 방문 거점,"{""route_number"":4,""is_plus_spot"":false,""feature_match_confidence"":""exact"",""feature_match_reasons"":[""공식·공공 제공자 후보의 명칭이 일치하고 지역 단서가 충돌하지 않음""],""feature_match_partial"":false}"
heritage-visit-campaign:mountain-temples-route:current,mountain-temples-route,산사의 길,국가유산 방문 캠페인,산사의 길 · 국가유산 방문 캠페인,current,,korea-heritage-agency,heritage-visit-campaign-current,국가유산진흥원,https://www.kh.or.kr/visit/kor/road/4/view.do?key=2408220004,heritage-04-09,9,해남 대흥사,,f_4682031027_p_64b2bbb949eb3bbe,33,해남 대흥사,산사의 길 공식 방문 거점,"{""route_number"":4,""is_plus_spot"":false,""feature_match_confidence"":""exact"",""feature_match_reasons"":[""공식·공공 제공자 후보의 명칭이 일치하고 지역 단서가 충돌하지 않음""],""feature_match_partial"":false}"
heritage-visit-campaign:seowon-route:current,seowon-route,서원의 길,국가유산 방문 캠페인,서원의 길 · 국가유산 방문 캠페인,current,,korea-heritage-agency,heritage-visit-campaign-current,국가유산진흥원,https://www.kh.or.kr/visit/kor/road/5/view.do?key=2408220005,heritage-05-01,1,경주 옥산서원,,f_4713025328_p_b03ab3d537a7e93e,34,경주 옥산서원,서원의 길 공식 방문 거점,"{""route_number"":5,""is_plus_spot"":false,""feature_match_confidence"":""exact"",""feature_match_reasons"":[""공식·공공 제공자 후보의 명칭이 일치하고 지역 단서가 충돌하지 않음""],""feature_match_partial"":false}"
heritage-visit-campaign:seowon-route:current,seowon-route,서원의 길,국가유산 방문 캠페인,서원의 길 · 국가유산 방문 캠페인,current,,korea-heritage-agency,heritage-visit-campaign-current,국가유산진흥원,https://www.kh.or.kr/visit/kor/road/5/view.do?key=2408220005,heritage-05-02,2,논산 돈암서원,,f_4423036029_p_7fa818e41dfc8ae3,35,논산 돈암서원,서원의 길 공식 방문 거점,"{""route_number"":5,""is_plus_spot"":false,""feature_match_confidence"":""exact"",""feature_match_reasons"":[""공식·공공 제공자 후보의 명칭이 일치하고 지역 단서가 충돌하지 않음""],""feature_match_partial"":false}"
heritage-visit-campaign:seowon-route:current,seowon-route,서원의 길,국가유산 방문 캠페인,서원의 길 · 국가유산 방문 캠페인,current,,korea-heritage-agency,heritage-visit-campaign-current,국가유산진흥원,https://www.kh.or.kr/visit/kor/road/5/view.do?key=2408220005,heritage-05-03,3,달성 도동서원,,f_2771038035_p_681f269656b93859,36,달성 도동서원,서원의 길 공식 방문 거점,"{""route_number"":5,""is_plus_spot"":false,""feature_match_confidence"":""exact"",""feature_match_reasons"":[""공식·공공 제공자 후보의 명칭이 일치하고 지역 단서가 충돌하지 않음""],""feature_match_partial"":false}"
heritage-visit-campaign:seowon-route:current,seowon-route,서원의 길,국가유산 방문 캠페인,서원의 길 · 국가유산 방문 캠페인,current,,korea-heritage-agency,heritage-visit-campaign-current,국가유산진흥원,https://www.kh.or.kr/visit/kor/road/5/view.do?key=2408220005,heritage-05-04,4,안동 도산서원,,f_4717042021_p_5e3244e465ca6908,37,안동 도산서원,서원의 길 공식 방문 거점,"{""route_number"":5,""is_plus_spot"":false,""feature_match_confidence"":""exact"",""feature_match_reasons"":[""공식·공공 제공자 후보의 명칭이 일치하고 지역 단서가 충돌하지 않음""],""feature_match_partial"":false}"
heritage-visit-campaign:seowon-route:current,seowon-route,서원의 길,국가유산 방문 캠페인,서원의 길 · 국가유산 방문 캠페인,current,,korea-heritage-agency,heritage-visit-campaign-current,국가유산진흥원,https://www.kh.or.kr/visit/kor/road/5/view.do?key=2408220005,heritage-05-05,5,안동 병산서원,,f_4717034032_p_f28c9857e2edd95d,38,안동 병산서원,서원의 길 공식 방문 거점,"{""route_number"":5,""is_plus_spot"":false,""feature_match_confidence"":""exact"",""feature_match_reasons"":[""공식·공공 제공자 후보의 명칭이 일치하고 지역 단서가 충돌하지 않음""],""feature_match_partial"":false}"
heritage-visit-campaign:seowon-route:current,seowon-route,서원의 길,국가유산 방문 캠페인,서원의 길 · 국가유산 방문 캠페인,current,,korea-heritage-agency,heritage-visit-campaign-current,국가유산진흥원,https://www.kh.or.kr/visit/kor/road/5/view.do?key=2408220005,heritage-05-06,6,영주 소수서원,,f_4721037025_p_1e982a5a46800056,39,영주 소수서원,서원의 길 공식 방문 거점,"{""route_number"":5,""is_plus_spot"":false,""feature_match_confidence"":""exact"",""feature_match_reasons"":[""공식·공공 제공자 후보의 명칭이 일치하고 지역 단서가 충돌하지 않음""],""feature_match_partial"":false}"
heritage-visit-campaign:seowon-route:current,seowon-route,서원의 길,국가유산 방문 캠페인,서원의 길 · 국가유산 방문 캠페인,current,,korea-heritage-agency,heritage-visit-campaign-current,국가유산진흥원,https://www.kh.or.kr/visit/kor/road/5/view.do?key=2408220005,heritage-05-07,7,장성 필암서원,,f_4688036027_p_70ab66df7c1b3cf2,40,장성 필암서원,서원의 길 공식 방문 거점,"{""route_number"":5,""is_plus_spot"":false,""feature_match_confidence"":""exact"",""feature_match_reasons"":[""공식·공공 제공자 후보의 명칭이 일치하고 지역 단서가 충돌하지 않음""],""feature_match_partial"":false}"
heritage-visit-campaign:seowon-route:current,seowon-route,서원의 길,국가유산 방문 캠페인,서원의 길 · 국가유산 방문 캠페인,current,,korea-heritage-agency,heritage-visit-campaign-current,국가유산진흥원,https://www.kh.or.kr/visit/kor/road/5/view.do?key=2408220005,heritage-05-08,8,정읍 무성서원,,f_5218042024_p_74088ab6a2515a8b,41,정읍 무성서원,서원의 길 공식 방문 거점,"{""route_number"":5,""is_plus_spot"":false,""feature_match_confidence"":""exact"",""feature_match_reasons"":[""공식·공공 제공자 후보의 명칭이 일치하고 지역 단서가 충돌하지 않음""],""feature_match_partial"":false}"
heritage-visit-campaign:seowon-route:current,seowon-route,서원의 길,국가유산 방문 캠페인,서원의 길 · 국가유산 방문 캠페인,current,,korea-heritage-agency,heritage-visit-campaign-current,국가유산진흥원,https://www.kh.or.kr/visit/kor/road/5/view.do?key=2408220005,heritage-05-09,9,함양 남계서원,,f_4887034028_p_54c09923e4344d52,42,함양 남계서원,서원의 길 공식 방문 거점,"{""route_number"":5,""is_plus_spot"":false,""feature_match_confidence"":""exact"",""feature_match_reasons"":[""공식·공공 제공자 후보의 명칭이 일치하고 지역 단서가 충돌하지 않음""],""feature_match_partial"":false}"
heritage-visit-campaign:prehistoric-geology-route:current,prehistoric-geology-route,선사 지질의 길,국가유산 방문 캠페인,선사 지질의 길 · 국가유산 방문 캠페인,current,,korea-heritage-agency,heritage-visit-campaign-current,국가유산진흥원,https://www.kh.or.kr/visit/kor/road/6/view.do?key=2408220006,heritage-06-01,1,연천 전곡리 유적,,f_4180025321_p_394657c4ce521ac0,43,연천 전곡리 유적,선사 지질의 길 공식 방문 거점,"{""route_number"":6,""is_plus_spot"":false,""feature_match_confidence"":""exact"",""feature_match_reasons"":[""공식·공공 제공자 후보의 명칭이 일치하고 지역 단서가 충돌하지 않음""],""feature_match_partial"":false}"
heritage-visit-campaign:prehistoric-geology-route:current,prehistoric-geology-route,선사 지질의 길,국가유산 방문 캠페인,선사 지질의 길 · 국가유산 방문 캠페인,current,,korea-heritage-agency,heritage-visit-campaign-current,국가유산진흥원,https://www.kh.or.kr/visit/kor/road/6/view.do?key=2408220006,heritage-06-02,2,연천 호로고루,,f_4180038021_p_97c44ae4ff9d0d73,44,연천 호로고루,선사 지질의 길 공식 방문 거점,"{""route_number"":6,""is_plus_spot"":false,""feature_match_confidence"":""exact"",""feature_match_reasons"":[""공식·공공 제공자 후보의 명칭이 일치하고 지역 단서가 충돌하지 않음""],""feature_match_partial"":false}"
heritage-visit-campaign:prehistoric-geology-route:current,prehistoric-geology-route,선사 지질의 길,국가유산 방문 캠페인,선사 지질의 길 · 국가유산 방문 캠페인,current,,korea-heritage-agency,heritage-visit-campaign-current,국가유산진흥원,https://www.kh.or.kr/visit/kor/road/6/view.do?key=2408220006,heritage-06-03,3,철원 고석정,,f_5178025923_p_4970055504da28a2,45,철원 고석정,선사 지질의 길 공식 방문 거점,"{""route_number"":6,""is_plus_spot"":false,""feature_match_confidence"":""high"",""feature_match_reasons"":[""확인된 명칭 변형이 같은 공식 장소를 가리킴""],""feature_match_partial"":false}"
heritage-visit-campaign:prehistoric-geology-route:current,prehistoric-geology-route,선사 지질의 길,국가유산 방문 캠페인,선사 지질의 길 · 국가유산 방문 캠페인,current,,korea-heritage-agency,heritage-visit-campaign-current,국가유산진흥원,https://www.kh.or.kr/visit/kor/road/6/view.do?key=2408220006,heritage-06-04,4,포천 비둘기낭 폭포,,f_4165039026_p_5a993d3c3cca1c1d,46,포천 비둘기낭 폭포,선사 지질의 길 공식 방문 거점,"{""route_number"":6,""is_plus_spot"":false,""feature_match_confidence"":""high"",""feature_match_reasons"":[""국가유산 공식 명칭에 포천 비둘기낭폭포가 포함되고 주소가 동일 지역임""],""feature_match_partial"":false}"
heritage-visit-campaign:prehistoric-geology-route:current,prehistoric-geology-route,선사 지질의 길,국가유산 방문 캠페인,선사 지질의 길 · 국가유산 방문 캠페인,current,,korea-heritage-agency,heritage-visit-campaign-current,국가유산진흥원,https://www.kh.or.kr/visit/kor/road/6/view.do?key=2408220006,heritage-06-05,5,포천아트밸리,,,47,포천아트밸리,선사 지질의 길 공식 방문 거점,"{""route_number"":6,""is_plus_spot"":false,""feature_match_confidence"":""review"",""feature_match_reasons"":[""지역이 맞는 공공 후보가 있으나 명칭이 동일 장소라고 단정할 수 없어 Feature ID를 채택하지 않음""],""feature_match_partial"":false,""feature_match_status"":""unresolved""}"
heritage-visit-campaign:prehistoric-geology-route:current,prehistoric-geology-route,선사 지질의 길,국가유산 방문 캠페인,선사 지질의 길 · 국가유산 방문 캠페인,current,,korea-heritage-agency,heritage-visit-campaign-current,국가유산진흥원,https://www.kh.or.kr/visit/kor/road/6/view.do?key=2408220006,heritage-06-06,6,포천 한탄강세계지질공원센터,,,48,포천 한탄강세계지질공원센터,선사 지질의 길 공식 방문 거점,"{""route_number"":6,""is_plus_spot"":false,""feature_match_confidence"":""review"",""feature_match_reasons"":[""지역이 맞는 공공 후보가 있으나 명칭이 동일 장소라고 단정할 수 없어 Feature ID를 채택하지 않음""],""feature_match_partial"":false,""feature_match_status"":""unresolved""}"
heritage-visit-campaign:prehistoric-geology-route:current,prehistoric-geology-route,선사 지질의 길,국가유산 방문 캠페인,선사 지질의 길 · 국가유산 방문 캠페인,current,,korea-heritage-agency,heritage-visit-campaign-current,국가유산진흥원,https://www.kh.or.kr/visit/kor/road/6/view.do?key=2408220006,heritage-06-07,7,포천 화적연,,f_4165040026_p_7eeae29225938655,49,포천 화적연,선사 지질의 길 공식 방문 거점,"{""route_number"":6,""is_plus_spot"":false,""feature_match_confidence"":""exact"",""feature_match_reasons"":[""공식·공공 제공자 후보의 명칭이 일치하고 지역 단서가 충돌하지 않음""],""feature_match_partial"":false}"
heritage-visit-campaign:myth-and-nature-route:current,myth-and-nature-route,설화와 자연의 길,국가유산 방문 캠페인,설화와 자연의 길 · 국가유산 방문 캠페인,current,,korea-heritage-agency,heritage-visit-campaign-current,국가유산진흥원,https://www.kh.or.kr/visit/kor/road/7/view.do?key=2408220007,heritage-07-01,1,제주 마라도 천연보호구역,,f_5013025026_p_5652b208d95a0618,50,제주 마라도 천연보호구역,설화와 자연의 길 공식 방문 거점,"{""route_number"":7,""is_plus_spot"":false,""feature_match_confidence"":""high"",""feature_match_reasons"":[""확인된 명칭 변형이 같은 공식 장소를 가리킴""],""feature_match_partial"":false}"
heritage-visit-campaign:myth-and-nature-route:current,myth-and-nature-route,설화와 자연의 길,국가유산 방문 캠페인,설화와 자연의 길 · 국가유산 방문 캠페인,current,,korea-heritage-agency,heritage-visit-campaign-current,국가유산진흥원,https://www.kh.or.kr/visit/kor/road/7/view.do?key=2408220007,heritage-07-02,2,제주 만장굴,,f_5011025626_p_e9d55442669f6cfb,51,제주 만장굴,설화와 자연의 길 공식 방문 거점,"{""route_number"":7,""is_plus_spot"":false,""feature_match_confidence"":""high"",""feature_match_reasons"":[""김녕굴과 만장굴 국가유산 Feature가 공식 지점인 만장굴을 포함함""],""feature_match_partial"":false}"
heritage-visit-campaign:myth-and-nature-route:current,myth-and-nature-route,설화와 자연의 길,국가유산 방문 캠페인,설화와 자연의 길 · 국가유산 방문 캠페인,current,,korea-heritage-agency,heritage-visit-campaign-current,국가유산진흥원,https://www.kh.or.kr/visit/kor/road/7/view.do?key=2408220007,heritage-07-03,3,제주 사계리 용머리해안,,f_5013031025_p_1c78f2fa63a6c580,52,제주 사계리 용머리해안,설화와 자연의 길 공식 방문 거점,"{""route_number"":7,""is_plus_spot"":false,""feature_match_confidence"":""high"",""feature_match_reasons"":[""행정구역 접두어를 제외한 용머리해안 공공 Feature의 주소가 일치함""],""feature_match_partial"":false}"
heritage-visit-campaign:myth-and-nature-route:current,myth-and-nature-route,설화와 자연의 길,국가유산 방문 캠페인,설화와 자연의 길 · 국가유산 방문 캠페인,current,,korea-heritage-agency,heritage-visit-campaign-current,국가유산진흥원,https://www.kh.or.kr/visit/kor/road/7/view.do?key=2408220007,heritage-07-04,4,제주 서귀포 산방산,,f_5013031000_p_6ad70419356d108a,53,제주 서귀포 산방산,설화와 자연의 길 공식 방문 거점,"{""route_number"":7,""is_plus_spot"":false,""feature_match_confidence"":""exact"",""feature_match_reasons"":[""공식·공공 제공자 후보의 명칭이 일치하고 지역 단서가 충돌하지 않음""],""feature_match_partial"":false}"
heritage-visit-campaign:myth-and-nature-route:current,myth-and-nature-route,설화와 자연의 길,국가유산 방문 캠페인,설화와 자연의 길 · 국가유산 방문 캠페인,current,,korea-heritage-agency,heritage-visit-campaign-current,국가유산진흥원,https://www.kh.or.kr/visit/kor/road/7/view.do?key=2408220007,heritage-07-05,5,제주 서귀포 쇠소깍,,f_5013010800_p_a128c0b60c1cbd32,54,제주 서귀포 쇠소깍,설화와 자연의 길 공식 방문 거점,"{""route_number"":7,""is_plus_spot"":false,""feature_match_confidence"":""exact"",""feature_match_reasons"":[""공식·공공 제공자 후보의 명칭이 일치하고 지역 단서가 충돌하지 않음""],""feature_match_partial"":false}"
heritage-visit-campaign:myth-and-nature-route:current,myth-and-nature-route,설화와 자연의 길,국가유산 방문 캠페인,설화와 자연의 길 · 국가유산 방문 캠페인,current,,korea-heritage-agency,heritage-visit-campaign-current,국가유산진흥원,https://www.kh.or.kr/visit/kor/road/7/view.do?key=2408220007,heritage-07-06,6,제주 선흘리 거문오름,,f_5011025900_p_ef877bbb558da7b1,55,제주 선흘리 거문오름,설화와 자연의 길 공식 방문 거점,"{""route_number"":7,""is_plus_spot"":false,""feature_match_confidence"":""exact"",""feature_match_reasons"":[""공식·공공 제공자 후보의 명칭이 일치하고 지역 단서가 충돌하지 않음""],""feature_match_partial"":false}"
heritage-visit-campaign:myth-and-nature-route:current,myth-and-nature-route,설화와 자연의 길,국가유산 방문 캠페인,설화와 자연의 길 · 국가유산 방문 캠페인,current,,korea-heritage-agency,heritage-visit-campaign-current,국가유산진흥원,https://www.kh.or.kr/visit/kor/road/7/view.do?key=2408220007,heritage-07-07,7,제주 성산일출봉 천연보호구역,,f_5013025900_p_6291f61809c12a84,56,제주 성산일출봉 천연보호구역,설화와 자연의 길 공식 방문 거점,"{""route_number"":7,""is_plus_spot"":false,""feature_match_confidence"":""high"",""feature_match_reasons"":[""행정구역 접두어 또는 공식 범위 접미어만 다른 동일 장소 후보임""],""feature_match_partial"":false}"
heritage-visit-campaign:myth-and-nature-route:current,myth-and-nature-route,설화와 자연의 길,국가유산 방문 캠페인,설화와 자연의 길 · 국가유산 방문 캠페인,current,,korea-heritage-agency,heritage-visit-campaign-current,국가유산진흥원,https://www.kh.or.kr/visit/kor/road/7/view.do?key=2408220007,heritage-07-08,8,제주 중문·대포해안 주상절리대,,f_5013011200_p_02c46e76b7242a05,57,제주 중문·대포해안 주상절리대,설화와 자연의 길 공식 방문 거점,"{""route_number"":7,""is_plus_spot"":false,""feature_match_confidence"":""exact"",""feature_match_reasons"":[""공식·공공 제공자 후보의 명칭이 일치하고 지역 단서가 충돌하지 않음""],""feature_match_partial"":false}"
heritage-visit-campaign:sound-route:current,sound-route,소릿길,국가유산 방문 캠페인,소릿길 · 국가유산 방문 캠페인,current,1코스,korea-heritage-agency,heritage-visit-campaign-current,국가유산진흥원,https://www.kh.or.kr/visit/kor/road/8/view.do?key=2408220008,heritage-08-01,1,고창판소리박물관,,f_5279025021_p_c1153266d3c3e925,58,고창판소리박물관,소릿길 공식 방문 거점,"{""route_number"":8,""is_plus_spot"":false,""feature_match_confidence"":""exact"",""feature_match_reasons"":[""공식·공공 제공자 후보의 명칭이 일치하고 지역 단서가 충돌하지 않음""],""feature_match_partial"":false}"
heritage-visit-campaign:sound-route:current,sound-route,소릿길,국가유산 방문 캠페인,소릿길 · 국가유산 방문 캠페인,current,1코스,korea-heritage-agency,heritage-visit-campaign-current,국가유산진흥원,https://www.kh.or.kr/visit/kor/road/8/view.do?key=2408220008,heritage-08-02,2,국립무형유산원,,,59,국립무형유산원,소릿길 공식 방문 거점,"{""route_number"":8,""is_plus_spot"":false,""feature_match_confidence"":""review"",""feature_match_reasons"":[""지역이 맞는 공공 후보가 있으나 명칭이 동일 장소라고 단정할 수 없어 Feature ID를 채택하지 않음""],""feature_match_partial"":false,""feature_match_status"":""unresolved""}"
heritage-visit-campaign:sound-route:current,sound-route,소릿길,국가유산 방문 캠페인,소릿길 · 국가유산 방문 캠페인,current,1코스,korea-heritage-agency,heritage-visit-campaign-current,국가유산진흥원,https://www.kh.or.kr/visit/kor/road/8/view.do?key=2408220008,heritage-08-03,3,남원 광한루원,,f_5219010400_p_4c769661b08d2107,60,남원 광한루원,소릿길 공식 방문 거점,"{""route_number"":8,""is_plus_spot"":false,""feature_match_confidence"":""high"",""feature_match_reasons"":[""행정구역 접두어를 제외한 광한루원 국가유산 Feature의 주소가 남원과 일치함""],""feature_match_partial"":false}"
heritage-visit-campaign:sound-route:current,sound-route,소릿길,국가유산 방문 캠페인,소릿길 · 국가유산 방문 캠페인,current,1코스,korea-heritage-agency,heritage-visit-campaign-current,국가유산진흥원,https://www.kh.or.kr/visit/kor/road/8/view.do?key=2408220008,heritage-08-04,4,필봉농악전수관,,,61,필봉농악전수관,소릿길 공식 방문 거점,"{""route_number"":8,""is_plus_spot"":false,""feature_match_confidence"":""review"",""feature_match_reasons"":[""지역이 맞는 공공 후보가 있으나 명칭이 동일 장소라고 단정할 수 없어 Feature ID를 채택하지 않음""],""feature_match_partial"":false,""feature_match_status"":""unresolved""}"
heritage-visit-campaign:sound-route:current,sound-route,소릿길,국가유산 방문 캠페인,소릿길 · 국가유산 방문 캠페인,current,2코스,korea-heritage-agency,heritage-visit-campaign-current,국가유산진흥원,https://www.kh.or.kr/visit/kor/road/8/view.do?key=2408220008,heritage-08-05,5,국립남도국악원,,,62,국립남도국악원,소릿길 공식 방문 거점,"{""route_number"":8,""is_plus_spot"":false,""feature_match_confidence"":""review"",""feature_match_reasons"":[""지역이 맞는 공공 후보가 있으나 명칭이 동일 장소라고 단정할 수 없어 Feature ID를 채택하지 않음""],""feature_match_partial"":false,""feature_match_status"":""unresolved""}"
heritage-visit-campaign:sound-route:current,sound-route,소릿길,국가유산 방문 캠페인,소릿길 · 국가유산 방문 캠페인,current,2코스,korea-heritage-agency,heritage-visit-campaign-current,국가유산진흥원,https://www.kh.or.kr/visit/kor/road/8/view.do?key=2408220008,heritage-08-06,6,국립해양유산연구소 해양유물전시관,,f_4611015900_p_44a63cd92f8ab388,63,국립해양유산연구소 해양유물전시관,소릿길 공식 방문 거점,"{""route_number"":8,""is_plus_spot"":false,""feature_match_confidence"":""exact"",""feature_match_reasons"":[""공식·공공 제공자 후보의 명칭이 일치하고 지역 단서가 충돌하지 않음""],""feature_match_partial"":false}"
heritage-visit-campaign:sound-route:current,sound-route,소릿길,국가유산 방문 캠페인,소릿길 · 국가유산 방문 캠페인,current,2코스,korea-heritage-agency,heritage-visit-campaign-current,국가유산진흥원,https://www.kh.or.kr/visit/kor/road/8/view.do?key=2408220008,heritage-08-07,7,우수영국민관광지,,f_4682042025_p_2a6883dc0defe8a8,64,우수영국민관광지,소릿길 공식 방문 거점,"{""route_number"":8,""is_plus_spot"":false,""feature_match_confidence"":""high"",""feature_match_reasons"":[""우수영관광지는 국민관광지 명칭 변형이며 해남 지역이 일치함""],""feature_match_partial"":false}"
heritage-visit-campaign:royal-family-route:current,royal-family-route,왕가의 길,국가유산 방문 캠페인,왕가의 길 · 국가유산 방문 캠페인,current,1코스,korea-heritage-agency,heritage-visit-campaign-current,국가유산진흥원,https://www.kh.or.kr/visit/kor/road/9/view.do?key=2408220009,heritage-09-01,1,남한산성,,f_4161037021_p_5e56cb0ab6ec64c1,65,남한산성,왕가의 길 공식 방문 거점,"{""route_number"":9,""is_plus_spot"":false,""feature_match_confidence"":""exact"",""feature_match_reasons"":[""공식·공공 제공자 후보의 명칭이 일치하고 지역 단서가 충돌하지 않음""],""feature_match_partial"":false}"
heritage-visit-campaign:royal-family-route:current,royal-family-route,왕가의 길,국가유산 방문 캠페인,왕가의 길 · 국가유산 방문 캠페인,current,1코스,korea-heritage-agency,heritage-visit-campaign-current,국가유산진흥원,https://www.kh.or.kr/visit/kor/road/9/view.do?key=2408220009,heritage-09-02,2,수원 화성,,f_4111513000_p_f1269eed7712e2a9,66,수원 화성,왕가의 길 공식 방문 거점,"{""route_number"":9,""is_plus_spot"":false,""feature_match_confidence"":""exact"",""feature_match_reasons"":[""공식·공공 제공자 후보의 명칭이 일치하고 지역 단서가 충돌하지 않음""],""feature_match_partial"":false}"
heritage-visit-campaign:royal-family-route:current,royal-family-route,왕가의 길,국가유산 방문 캠페인,왕가의 길 · 국가유산 방문 캠페인,current,1코스,korea-heritage-agency,heritage-visit-campaign-current,국가유산진흥원,https://www.kh.or.kr/visit/kor/road/9/view.do?key=2408220009,heritage-09-03,3,종묘,,f_1111015200_p_7492ac66225923de,67,종묘,왕가의 길 공식 방문 거점,"{""route_number"":9,""is_plus_spot"":false,""feature_match_confidence"":""exact"",""feature_match_reasons"":[""공식·공공 제공자 후보의 명칭이 일치하고 지역 단서가 충돌하지 않음""],""feature_match_partial"":false}"
heritage-visit-campaign:royal-family-route:current,royal-family-route,왕가의 길,국가유산 방문 캠페인,왕가의 길 · 국가유산 방문 캠페인,current,1코스,korea-heritage-agency,heritage-visit-campaign-current,국가유산진흥원,https://www.kh.or.kr/visit/kor/road/9/view.do?key=2408220009,heritage-09-04,4,창덕궁,,f_1111013000_p_bc4cb2e11a46a501,68,창덕궁,왕가의 길 공식 방문 거점,"{""route_number"":9,""is_plus_spot"":false,""feature_match_confidence"":""exact"",""feature_match_reasons"":[""공식·공공 제공자 후보의 명칭이 일치하고 지역 단서가 충돌하지 않음""],""feature_match_partial"":false}"
heritage-visit-campaign:royal-family-route:current,royal-family-route,왕가의 길,국가유산 방문 캠페인,왕가의 길 · 국가유산 방문 캠페인,current,1코스,korea-heritage-agency,heritage-visit-campaign-current,국가유산진흥원,https://www.kh.or.kr/visit/kor/road/9/view.do?key=2408220009,heritage-09-05,5,화성 융릉과 건릉,,,69,화성 융릉과 건릉,왕가의 길 공식 방문 거점,"{""route_number"":9,""is_plus_spot"":false,""feature_match_confidence"":""review"",""feature_match_reasons"":[""지역이 맞는 공공 후보가 있으나 명칭이 동일 장소라고 단정할 수 없어 Feature ID를 채택하지 않음""],""feature_match_partial"":false,""feature_match_status"":""unresolved""}"
heritage-visit-campaign:royal-family-route:current,royal-family-route,왕가의 길,국가유산 방문 캠페인,왕가의 길 · 국가유산 방문 캠페인,current,2코스,korea-heritage-agency,heritage-visit-campaign-current,국가유산진흥원,https://www.kh.or.kr/visit/kor/road/9/view.do?key=2408220009,heritage-09-06,6,강화 고인돌 유적,,,70,강화 고인돌 유적,왕가의 길 공식 방문 거점,"{""route_number"":9,""is_plus_spot"":false,""feature_match_confidence"":""review"",""feature_match_reasons"":[""지역이 맞는 공공 후보가 있으나 명칭이 동일 장소라고 단정할 수 없어 Feature ID를 채택하지 않음""],""feature_match_partial"":false,""feature_match_status"":""unresolved""}"
heritage-visit-campaign:royal-family-route:current,royal-family-route,왕가의 길,국가유산 방문 캠페인,왕가의 길 · 국가유산 방문 캠페인,current,2코스,korea-heritage-agency,heritage-visit-campaign-current,국가유산진흥원,https://www.kh.or.kr/visit/kor/road/9/view.do?key=2408220009,heritage-09-07,7,강화 전등사,,,71,강화 전등사,왕가의 길 공식 방문 거점,"{""route_number"":9,""is_plus_spot"":false,""feature_match_confidence"":""review"",""feature_match_reasons"":[""지역이 맞는 공공 후보가 있으나 명칭이 동일 장소라고 단정할 수 없어 Feature ID를 채택하지 않음""],""feature_match_partial"":false,""feature_match_status"":""unresolved""}"
heritage-visit-campaign:royal-family-route:current,royal-family-route,왕가의 길,국가유산 방문 캠페인,왕가의 길 · 국가유산 방문 캠페인,current,2코스,korea-heritage-agency,heritage-visit-campaign-current,국가유산진흥원,https://www.kh.or.kr/visit/kor/road/9/view.do?key=2408220009,heritage-09-08,8,경복궁,,f_1111011900_p_4fb0ba2087650c83,72,경복궁,왕가의 길 공식 방문 거점,"{""route_number"":9,""is_plus_spot"":false,""feature_match_confidence"":""exact"",""feature_match_reasons"":[""공식·공공 제공자 후보의 명칭이 일치하고 지역 단서가 충돌하지 않음""],""feature_match_partial"":false}"
heritage-visit-campaign:royal-family-route:current,royal-family-route,왕가의 길,국가유산 방문 캠페인,왕가의 길 · 국가유산 방문 캠페인,current,2코스,korea-heritage-agency,heritage-visit-campaign-current,국가유산진흥원,https://www.kh.or.kr/visit/kor/road/9/view.do?key=2408220009,heritage-09-09,9,김포 장릉,,f_4157010700_p_30582749db498511,73,김포 장릉,왕가의 길 공식 방문 거점,"{""route_number"":9,""is_plus_spot"":false,""feature_match_confidence"":""exact"",""feature_match_reasons"":[""공식·공공 제공자 후보의 명칭이 일치하고 지역 단서가 충돌하지 않음""],""feature_match_partial"":false}"
heritage-visit-campaign:royal-family-route:current,royal-family-route,왕가의 길,국가유산 방문 캠페인,왕가의 길 · 국가유산 방문 캠페인,current,2코스,korea-heritage-agency,heritage-visit-campaign-current,국가유산진흥원,https://www.kh.or.kr/visit/kor/road/9/view.do?key=2408220009,heritage-09-10,10,종묘,,f_1111015200_p_7492ac66225923de,74,종묘,왕가의 길 공식 방문 거점,"{""route_number"":9,""is_plus_spot"":false,""feature_match_confidence"":""exact"",""feature_match_reasons"":[""공식·공공 제공자 후보의 명칭이 일치하고 지역 단서가 충돌하지 않음""],""feature_match_partial"":false}"
heritage-visit-campaign:royal-family-route:current,royal-family-route,왕가의 길,국가유산 방문 캠페인,왕가의 길 · 국가유산 방문 캠페인,current,1코스,korea-heritage-agency,heritage-visit-campaign-current,국가유산진흥원,https://www.kh.or.kr/visit/kor/road/9/view.do?key=2408220009,heritage-09-11,11,한국의집,,,75,한국의집,왕가의 길 공식 방문 거점,"{""route_number"":9,""is_plus_spot"":true,""feature_match_confidence"":""review"",""feature_match_reasons"":[""지역이 맞는 공공 후보가 있으나 명칭이 동일 장소라고 단정할 수 없어 Feature ID를 채택하지 않음""],""feature_match_partial"":false,""feature_match_status"":""unresolved""}"
heritage-visit-campaign:royal-family-route:current,royal-family-route,왕가의 길,국가유산 방문 캠페인,왕가의 길 · 국가유산 방문 캠페인,current,2코스,korea-heritage-agency,heritage-visit-campaign-current,국가유산진흥원,https://www.kh.or.kr/visit/kor/road/9/view.do?key=2408220009,heritage-09-12,12,강화역사박물관,,f_2871037023_p_fc98f2c5f97448bc,76,강화역사박물관,왕가의 길 공식 방문 거점,"{""route_number"":9,""is_plus_spot"":true,""feature_match_confidence"":""exact"",""feature_match_reasons"":[""공식·공공 제공자 후보의 명칭이 일치하고 지역 단서가 충돌하지 않음""],""feature_match_partial"":false}"
heritage-visit-campaign:thousand-year-spirit-route:current,thousand-year-spirit-route,천년 정신의 길,국가유산 방문 캠페인,천년 정신의 길 · 국가유산 방문 캠페인,current,,korea-heritage-agency,heritage-visit-campaign-current,국가유산진흥원,https://www.kh.or.kr/visit/kor/road/10/view.do?key=2408220010,heritage-10-01,1,경주 계림,,f_4713011100_p_448a601003abab12,77,경주 계림,천년 정신의 길 공식 방문 거점,"{""route_number"":10,""is_plus_spot"":false,""feature_match_confidence"":""exact"",""feature_match_reasons"":[""공식·공공 제공자 후보의 명칭이 일치하고 지역 단서가 충돌하지 않음""],""feature_match_partial"":false}"
heritage-visit-campaign:thousand-year-spirit-route:current,thousand-year-spirit-route,천년 정신의 길,국가유산 방문 캠페인,천년 정신의 길 · 국가유산 방문 캠페인,current,,korea-heritage-agency,heritage-visit-campaign-current,국가유산진흥원,https://www.kh.or.kr/visit/kor/road/10/view.do?key=2408220010,heritage-10-02,2,경주 대릉원 일원,,f_4713011000_p_3a23472927cb129f,78,경주 대릉원 일원,천년 정신의 길 공식 방문 거점,"{""route_number"":10,""is_plus_spot"":false,""feature_match_confidence"":""exact"",""feature_match_reasons"":[""공식·공공 제공자 후보의 명칭이 일치하고 지역 단서가 충돌하지 않음""],""feature_match_partial"":false}"
heritage-visit-campaign:thousand-year-spirit-route:current,thousand-year-spirit-route,천년 정신의 길,국가유산 방문 캠페인,천년 정신의 길 · 국가유산 방문 캠페인,current,,korea-heritage-agency,heritage-visit-campaign-current,국가유산진흥원,https://www.kh.or.kr/visit/kor/road/10/view.do?key=2408220010,heritage-10-03,3,경주 불국사,,f_4713013400_p_31e951b070353b47,79,경주 불국사,천년 정신의 길 공식 방문 거점,"{""route_number"":10,""is_plus_spot"":false,""feature_match_confidence"":""exact"",""feature_match_reasons"":[""공식·공공 제공자 후보의 명칭이 일치하고 지역 단서가 충돌하지 않음""],""feature_match_partial"":false}"
heritage-visit-campaign:thousand-year-spirit-route:current,thousand-year-spirit-route,천년 정신의 길,국가유산 방문 캠페인,천년 정신의 길 · 국가유산 방문 캠페인,current,,korea-heritage-agency,heritage-visit-campaign-current,국가유산진흥원,https://www.kh.or.kr/visit/kor/road/10/view.do?key=2408220010,heritage-10-04,4,경주 석굴암,,f_4713013400_p_fad02ab193b54294,80,경주 석굴암,천년 정신의 길 공식 방문 거점,"{""route_number"":10,""is_plus_spot"":false,""feature_match_confidence"":""high"",""feature_match_reasons"":[""경주 석굴암 석굴은 국가유산 공식 상위 Feature로 동일 장소임""],""feature_match_partial"":false}"
heritage-visit-campaign:thousand-year-spirit-route:current,thousand-year-spirit-route,천년 정신의 길,국가유산 방문 캠페인,천년 정신의 길 · 국가유산 방문 캠페인,current,,korea-heritage-agency,heritage-visit-campaign-current,국가유산진흥원,https://www.kh.or.kr/visit/kor/road/10/view.do?key=2408220010,heritage-10-05,5,경주 월성,,f_4713011200_p_92cd33f2c82fd0a8,81,경주 월성,천년 정신의 길 공식 방문 거점,"{""route_number"":10,""is_plus_spot"":false,""feature_match_confidence"":""exact"",""feature_match_reasons"":[""공식·공공 제공자 후보의 명칭이 일치하고 지역 단서가 충돌하지 않음""],""feature_match_partial"":false}"
heritage-visit-campaign:thousand-year-spirit-route:current,thousand-year-spirit-route,천년 정신의 길,국가유산 방문 캠페인,천년 정신의 길 · 국가유산 방문 캠페인,current,,korea-heritage-agency,heritage-visit-campaign-current,국가유산진흥원,https://www.kh.or.kr/visit/kor/road/10/view.do?key=2408220010,heritage-10-06,6,안동 도산서원,,f_4717042021_p_5e3244e465ca6908,82,안동 도산서원,천년 정신의 길 공식 방문 거점,"{""route_number"":10,""is_plus_spot"":false,""feature_match_confidence"":""exact"",""feature_match_reasons"":[""공식·공공 제공자 후보의 명칭이 일치하고 지역 단서가 충돌하지 않음""],""feature_match_partial"":false}"
heritage-visit-campaign:thousand-year-spirit-route:current,thousand-year-spirit-route,천년 정신의 길,국가유산 방문 캠페인,천년 정신의 길 · 국가유산 방문 캠페인,current,,korea-heritage-agency,heritage-visit-campaign-current,국가유산진흥원,https://www.kh.or.kr/visit/kor/road/10/view.do?key=2408220010,heritage-10-07,7,안동 봉정사,,,83,안동 봉정사,천년 정신의 길 공식 방문 거점,"{""route_number"":10,""is_plus_spot"":false,""feature_match_confidence"":""review"",""feature_match_reasons"":[""지역이 맞는 공공 후보가 있으나 명칭이 동일 장소라고 단정할 수 없어 Feature ID를 채택하지 않음""],""feature_match_partial"":false,""feature_match_status"":""unresolved""}"
heritage-visit-campaign:thousand-year-spirit-route:current,thousand-year-spirit-route,천년 정신의 길,국가유산 방문 캠페인,천년 정신의 길 · 국가유산 방문 캠페인,current,,korea-heritage-agency,heritage-visit-campaign-current,국가유산진흥원,https://www.kh.or.kr/visit/kor/road/10/view.do?key=2408220010,heritage-10-08,8,안동 하회마을,,,84,안동 하회마을,천년 정신의 길 공식 방문 거점,"{""route_number"":10,""is_plus_spot"":false,""feature_match_confidence"":""review"",""feature_match_reasons"":[""지역이 맞는 공공 후보가 있으나 명칭이 동일 장소라고 단정할 수 없어 Feature ID를 채택하지 않음""],""feature_match_partial"":false,""feature_match_status"":""unresolved""}"
heritage-visit-campaign:thousand-year-spirit-route:current,thousand-year-spirit-route,천년 정신의 길,국가유산 방문 캠페인,천년 정신의 길 · 국가유산 방문 캠페인,current,,korea-heritage-agency,heritage-visit-campaign-current,국가유산진흥원,https://www.kh.or.kr/visit/kor/road/10/view.do?key=2408220010,heritage-10-09,9,경주 첨성대,,f_4713011000_p_cde38c15bd73c02a,85,경주 첨성대,천년 정신의 길 공식 방문 거점,"{""route_number"":10,""is_plus_spot"":true,""feature_match_confidence"":""exact"",""feature_match_reasons"":[""공식·공공 제공자 후보의 명칭이 일치하고 지역 단서가 충돌하지 않음""],""feature_match_partial"":false}"
