collection_key,theme_slug,theme_name,theme_group,title,edition_key,subcourse,provider,dataset_key,source_name,source_url,source_item_key,source_component_key,official_ordinal,place_name,address_hint,feature_id,sort_order,item_title,item_summary,metadata_json
korean-tourism-100:2025-2026,korean-tourism-100,한국관광 100선,관광 선정,2025-2026 한국관광 100선,2025-2026,,korea-tourism-organization,korean-tourism-100-2025-2026,문화체육관광부·한국관광공사,https://korean.visitkorea.or.kr/other/other_list.do?otdid=622bcd99-84fa-11e8-8165-020027310001,kt100-2025-2026-001,component-01,1,5대 고궁,,f_1111011900_p_4fb0ba2087650c83,1,5대 고궁,2025-2026 한국관광 100선 공식 선정지,"{""region"":""서울"",""official_entry_type"":""single"",""feature_match_confidence"":""review"",""feature_match_reasons"":[""5대 고궁 중 경복궁·창덕궁 2곳만 안전하게 확인되어 나머지 3곳 매칭이 필요함""],""feature_match_partial"":true}"
korean-tourism-100:2025-2026,korean-tourism-100,한국관광 100선,관광 선정,2025-2026 한국관광 100선,2025-2026,,korea-tourism-organization,korean-tourism-100-2025-2026,문화체육관광부·한국관광공사,https://korean.visitkorea.or.kr/other/other_list.do?otdid=622bcd99-84fa-11e8-8165-020027310001,kt100-2025-2026-001,component-02,1,5대 고궁,,f_1111013000_p_bc4cb2e11a46a501,1,5대 고궁,2025-2026 한국관광 100선 공식 선정지,"{""region"":""서울"",""official_entry_type"":""single"",""feature_match_confidence"":""review"",""feature_match_reasons"":[""5대 고궁 중 경복궁·창덕궁 2곳만 안전하게 확인되어 나머지 3곳 매칭이 필요함""],""feature_match_partial"":true}"
korean-tourism-100:2025-2026,korean-tourism-100,한국관광 100선,관광 선정,2025-2026 한국관광 100선,2025-2026,,korea-tourism-organization,korean-tourism-100-2025-2026,문화체육관광부·한국관광공사,https://korean.visitkorea.or.kr/other/other_list.do?otdid=622bcd99-84fa-11e8-8165-020027310001,kt100-2025-2026-002,primary,2,한강공원,,,2,한강공원,2025-2026 한국관광 100선 공식 선정지,"{""region"":""서울"",""official_entry_type"":""single"",""feature_match_confidence"":""review"",""feature_match_reasons"":[""지역이 맞는 공공 후보가 있으나 명칭이 동일 장소라고 단정할 수 없어 Feature ID를 채택하지 않음""],""feature_match_partial"":false,""feature_match_status"":""unresolved""}"
korean-tourism-100:2025-2026,korean-tourism-100,한국관광 100선,관광 선정,2025-2026 한국관광 100선,2025-2026,,korea-tourism-organization,korean-tourism-100-2025-2026,문화체육관광부·한국관광공사,https://korean.visitkorea.or.kr/other/other_list.do?otdid=622bcd99-84fa-11e8-8165-020027310001,kt100-2025-2026-003,primary,3,성수동 거리&서울숲,,,3,성수동 거리&서울숲,2025-2026 한국관광 100선 공식 선정지,"{""region"":""서울"",""official_entry_type"":""composite"",""feature_match_confidence"":""review"",""feature_match_reasons"":[""지역이 맞는 공공 후보가 있으나 명칭이 동일 장소라고 단정할 수 없어 Feature ID를 채택하지 않음""],""feature_match_partial"":false,""feature_match_status"":""unresolved""}"
korean-tourism-100:2025-2026,korean-tourism-100,한국관광 100선,관광 선정,2025-2026 한국관광 100선,2025-2026,,korea-tourism-organization,korean-tourism-100-2025-2026,문화체육관광부·한국관광공사,https://korean.visitkorea.or.kr/other/other_list.do?otdid=622bcd99-84fa-11e8-8165-020027310001,kt100-2025-2026-004,primary,4,홍대 레드로드(홍대 문화예술 관광특구),,,4,홍대 레드로드(홍대 문화예술 관광특구),2025-2026 한국관광 100선 공식 선정지,"{""region"":""서울"",""official_entry_type"":""single"",""feature_match_confidence"":""unmatched"",""feature_match_reasons"":[""제공된 운영 후보에서 동일 장소로 안전하게 판단할 Feature를 찾지 못함""],""feature_match_partial"":false,""feature_match_status"":""unresolved""}"
korean-tourism-100:2025-2026,korean-tourism-100,한국관광 100선,관광 선정,2025-2026 한국관광 100선,2025-2026,,korea-tourism-organization,korean-tourism-100-2025-2026,문화체육관광부·한국관광공사,https://korean.visitkorea.or.kr/other/other_list.do?otdid=622bcd99-84fa-11e8-8165-020027310001,kt100-2025-2026-005,primary,5,국립중앙박물관,,f_1117012700_p_1241c28b5be2442e,5,국립중앙박물관,2025-2026 한국관광 100선 공식 선정지,"{""region"":""서울"",""official_entry_type"":""single"",""feature_match_confidence"":""exact"",""feature_match_reasons"":[""공식·공공 제공자 후보의 명칭이 일치하고 지역 단서가 충돌하지 않음""],""feature_match_partial"":false}"
korean-tourism-100:2025-2026,korean-tourism-100,한국관광 100선,관광 선정,2025-2026 한국관광 100선,2025-2026,,korea-tourism-organization,korean-tourism-100-2025-2026,문화체육관광부·한국관광공사,https://korean.visitkorea.or.kr/other/other_list.do?otdid=622bcd99-84fa-11e8-8165-020027310001,kt100-2025-2026-006,primary,6,N서울타워,,f_1117010200_p_d15fdb6111598e36,6,N서울타워,2025-2026 한국관광 100선 공식 선정지,"{""region"":""서울"",""official_entry_type"":""single"",""feature_match_confidence"":""high"",""feature_match_reasons"":[""남산&N서울타워 공공 Feature가 N서울타워를 명시하며 서울 지역과 일치함""],""feature_match_partial"":false}"
korean-tourism-100:2025-2026,korean-tourism-100,한국관광 100선,관광 선정,2025-2026 한국관광 100선,2025-2026,,korea-tourism-organization,korean-tourism-100-2025-2026,문화체육관광부·한국관광공사,https://korean.visitkorea.or.kr/other/other_list.do?otdid=622bcd99-84fa-11e8-8165-020027310001,kt100-2025-2026-007,primary,7,서울스카이&롯데월드&석촌호수,,,7,서울스카이&롯데월드&석촌호수,2025-2026 한국관광 100선 공식 선정지,"{""region"":""서울"",""official_entry_type"":""composite"",""feature_match_confidence"":""review"",""feature_match_reasons"":[""지역이 맞는 공공 후보가 있으나 명칭이 동일 장소라고 단정할 수 없어 Feature ID를 채택하지 않음""],""feature_match_partial"":false,""feature_match_status"":""unresolved""}"
korean-tourism-100:2025-2026,korean-tourism-100,한국관광 100선,관광 선정,2025-2026 한국관광 100선,2025-2026,,korea-tourism-organization,korean-tourism-100-2025-2026,문화체육관광부·한국관광공사,https://korean.visitkorea.or.kr/other/other_list.do?otdid=622bcd99-84fa-11e8-8165-020027310001,kt100-2025-2026-008,primary,8,광화문광장&청계광장,,,8,광화문광장&청계광장,2025-2026 한국관광 100선 공식 선정지,"{""region"":""서울"",""official_entry_type"":""composite"",""feature_match_confidence"":""review"",""feature_match_reasons"":[""지역이 맞는 공공 후보가 있으나 명칭이 동일 장소라고 단정할 수 없어 Feature ID를 채택하지 않음""],""feature_match_partial"":false,""feature_match_status"":""unresolved""}"
korean-tourism-100:2025-2026,korean-tourism-100,한국관광 100선,관광 선정,2025-2026 한국관광 100선,2025-2026,,korea-tourism-organization,korean-tourism-100-2025-2026,문화체육관광부·한국관광공사,https://korean.visitkorea.or.kr/other/other_list.do?otdid=622bcd99-84fa-11e8-8165-020027310001,kt100-2025-2026-009,primary,9,청와대앞길&서촌마을,,,9,청와대앞길&서촌마을,2025-2026 한국관광 100선 공식 선정지,"{""region"":""서울"",""official_entry_type"":""composite"",""feature_match_confidence"":""review"",""feature_match_reasons"":[""지역이 맞는 공공 후보가 있으나 명칭이 동일 장소라고 단정할 수 없어 Feature ID를 채택하지 않음""],""feature_match_partial"":false,""feature_match_status"":""unresolved""}"
korean-tourism-100:2025-2026,korean-tourism-100,한국관광 100선,관광 선정,2025-2026 한국관광 100선,2025-2026,,korea-tourism-organization,korean-tourism-100-2025-2026,문화체육관광부·한국관광공사,https://korean.visitkorea.or.kr/other/other_list.do?otdid=622bcd99-84fa-11e8-8165-020027310001,kt100-2025-2026-010,primary,10,송도 센트럴파크,,,10,송도 센트럴파크,2025-2026 한국관광 100선 공식 선정지,"{""region"":""인천"",""official_entry_type"":""single"",""feature_match_confidence"":""unmatched"",""feature_match_reasons"":[""제공된 운영 후보에서 동일 장소로 안전하게 판단할 Feature를 찾지 못함""],""feature_match_partial"":false,""feature_match_status"":""unresolved""}"
korean-tourism-100:2025-2026,korean-tourism-100,한국관광 100선,관광 선정,2025-2026 한국관광 100선,2025-2026,,korea-tourism-organization,korean-tourism-100-2025-2026,문화체육관광부·한국관광공사,https://korean.visitkorea.or.kr/other/other_list.do?otdid=622bcd99-84fa-11e8-8165-020027310001,kt100-2025-2026-011,primary,11,교동도,,,11,교동도,2025-2026 한국관광 100선 공식 선정지,"{""region"":""인천"",""official_entry_type"":""single"",""feature_match_confidence"":""unmatched"",""feature_match_reasons"":[""제공된 운영 후보에서 동일 장소로 안전하게 판단할 Feature를 찾지 못함""],""feature_match_partial"":false,""feature_match_status"":""unresolved""}"
korean-tourism-100:2025-2026,korean-tourism-100,한국관광 100선,관광 선정,2025-2026 한국관광 100선,2025-2026,,korea-tourism-organization,korean-tourism-100-2025-2026,문화체육관광부·한국관광공사,https://korean.visitkorea.or.kr/other/other_list.do?otdid=622bcd99-84fa-11e8-8165-020027310001,kt100-2025-2026-012,primary,12,개항장문화지구-인천차이나타운(송월동 동화마을),,,12,개항장문화지구-인천차이나타운(송월동 동화마을),2025-2026 한국관광 100선 공식 선정지,"{""region"":""인천"",""official_entry_type"":""single"",""feature_match_confidence"":""unmatched"",""feature_match_reasons"":[""제공된 운영 후보에서 동일 장소로 안전하게 판단할 Feature를 찾지 못함""],""feature_match_partial"":false,""feature_match_status"":""unresolved""}"
korean-tourism-100:2025-2026,korean-tourism-100,한국관광 100선,관광 선정,2025-2026 한국관광 100선,2025-2026,,korea-tourism-organization,korean-tourism-100-2025-2026,문화체육관광부·한국관광공사,https://korean.visitkorea.or.kr/other/other_list.do?otdid=622bcd99-84fa-11e8-8165-020027310001,kt100-2025-2026-013,primary,13,수원화성,,f_4111513000_p_f1269eed7712e2a9,13,수원화성,2025-2026 한국관광 100선 공식 선정지,"{""region"":""경기"",""official_entry_type"":""single"",""feature_match_confidence"":""high"",""feature_match_reasons"":[""공식·공공 제공자 후보의 명칭이 일치하고 지역 단서가 충돌하지 않음""],""feature_match_partial"":false}"
korean-tourism-100:2025-2026,korean-tourism-100,한국관광 100선,관광 선정,2025-2026 한국관광 100선,2025-2026,,korea-tourism-organization,korean-tourism-100-2025-2026,문화체육관광부·한국관광공사,https://korean.visitkorea.or.kr/other/other_list.do?otdid=622bcd99-84fa-11e8-8165-020027310001,kt100-2025-2026-014,primary,14,용인 에버랜드&캐리비안베이,,f_4146125027_p_bdd10bb694e5f982,14,용인 에버랜드&캐리비안베이,2025-2026 한국관광 100선 공식 선정지,"{""region"":""경기"",""official_entry_type"":""composite"",""feature_match_confidence"":""review"",""feature_match_reasons"":[""복합 항목의 일부 구성 지점만 후보에서 명확히 확인되어 전체성 검토가 필요함""],""feature_match_partial"":true}"
korean-tourism-100:2025-2026,korean-tourism-100,한국관광 100선,관광 선정,2025-2026 한국관광 100선,2025-2026,,korea-tourism-organization,korean-tourism-100-2025-2026,문화체육관광부·한국관광공사,https://korean.visitkorea.or.kr/other/other_list.do?otdid=622bcd99-84fa-11e8-8165-020027310001,kt100-2025-2026-015,primary,15,임진각과 파주DMZ,,,15,임진각과 파주DMZ,2025-2026 한국관광 100선 공식 선정지,"{""region"":""경기"",""official_entry_type"":""single"",""feature_match_confidence"":""review"",""feature_match_reasons"":[""지역이 맞는 공공 후보가 있으나 명칭이 동일 장소라고 단정할 수 없어 Feature ID를 채택하지 않음""],""feature_match_partial"":false,""feature_match_status"":""unresolved""}"
korean-tourism-100:2025-2026,korean-tourism-100,한국관광 100선,관광 선정,2025-2026 한국관광 100선,2025-2026,,korea-tourism-organization,korean-tourism-100-2025-2026,문화체육관광부·한국관광공사,https://korean.visitkorea.or.kr/other/other_list.do?otdid=622bcd99-84fa-11e8-8165-020027310001,kt100-2025-2026-016,primary,16,아침고요수목원,,f_4182033024_p_aa78a62eb5932c9a,16,아침고요수목원,2025-2026 한국관광 100선 공식 선정지,"{""region"":""경기"",""official_entry_type"":""single"",""feature_match_confidence"":""exact"",""feature_match_reasons"":[""공식·공공 제공자 후보의 명칭이 일치하고 지역 단서가 충돌하지 않음""],""feature_match_partial"":false}"
korean-tourism-100:2025-2026,korean-tourism-100,한국관광 100선,관광 선정,2025-2026 한국관광 100선,2025-2026,,korea-tourism-organization,korean-tourism-100-2025-2026,문화체육관광부·한국관광공사,https://korean.visitkorea.or.kr/other/other_list.do?otdid=622bcd99-84fa-11e8-8165-020027310001,kt100-2025-2026-017,primary,17,두물머리,,f_4183033021_p_958401692dafb289,17,두물머리,2025-2026 한국관광 100선 공식 선정지,"{""region"":""경기"",""official_entry_type"":""single"",""feature_match_confidence"":""exact"",""feature_match_reasons"":[""공식·공공 제공자 후보의 명칭이 일치하고 지역 단서가 충돌하지 않음""],""feature_match_partial"":false}"
korean-tourism-100:2025-2026,korean-tourism-100,한국관광 100선,관광 선정,2025-2026 한국관광 100선,2025-2026,,korea-tourism-organization,korean-tourism-100-2025-2026,문화체육관광부·한국관광공사,https://korean.visitkorea.or.kr/other/other_list.do?otdid=622bcd99-84fa-11e8-8165-020027310001,kt100-2025-2026-018,primary,18,파주 헤이리 예술마을,,,18,파주 헤이리 예술마을,2025-2026 한국관광 100선 공식 선정지,"{""region"":""경기"",""official_entry_type"":""single"",""feature_match_confidence"":""review"",""feature_match_reasons"":[""지역이 맞는 공공 후보가 있으나 명칭이 동일 장소라고 단정할 수 없어 Feature ID를 채택하지 않음""],""feature_match_partial"":false,""feature_match_status"":""unresolved""}"
korean-tourism-100:2025-2026,korean-tourism-100,한국관광 100선,관광 선정,2025-2026 한국관광 100선,2025-2026,,korea-tourism-organization,korean-tourism-100-2025-2026,문화체육관광부·한국관광공사,https://korean.visitkorea.or.kr/other/other_list.do?otdid=622bcd99-84fa-11e8-8165-020027310001,kt100-2025-2026-019,primary,19,서울대공원(랜드)&국립과천과학관&국립현대미술관 과천관,,f_4129010400_p_735e6b153ff956d1,19,서울대공원(랜드)&국립과천과학관&국립현대미술관 과천관,2025-2026 한국관광 100선 공식 선정지,"{""region"":""경기"",""official_entry_type"":""composite"",""feature_match_confidence"":""review"",""feature_match_reasons"":[""복합 항목의 일부 구성 지점만 후보에서 명확히 확인되어 전체성 검토가 필요함""],""feature_match_partial"":true}"
korean-tourism-100:2025-2026,korean-tourism-100,한국관광 100선,관광 선정,2025-2026 한국관광 100선,2025-2026,,korea-tourism-organization,korean-tourism-100-2025-2026,문화체육관광부·한국관광공사,https://korean.visitkorea.or.kr/other/other_list.do?otdid=622bcd99-84fa-11e8-8165-020027310001,kt100-2025-2026-020,primary,20,한국민속촌,,f_4146310500_p_92df538eabca57d4,20,한국민속촌,2025-2026 한국관광 100선 공식 선정지,"{""region"":""경기"",""official_entry_type"":""single"",""feature_match_confidence"":""exact"",""feature_match_reasons"":[""공식·공공 제공자 후보의 명칭이 일치하고 지역 단서가 충돌하지 않음""],""feature_match_partial"":false}"
korean-tourism-100:2025-2026,korean-tourism-100,한국관광 100선,관광 선정,2025-2026 한국관광 100선,2025-2026,,korea-tourism-organization,korean-tourism-100-2025-2026,문화체육관광부·한국관광공사,https://korean.visitkorea.or.kr/other/other_list.do?otdid=622bcd99-84fa-11e8-8165-020027310001,kt100-2025-2026-021,primary,21,제부도&해상케이블카,,,21,제부도&해상케이블카,2025-2026 한국관광 100선 공식 선정지,"{""region"":""경기"",""official_entry_type"":""composite"",""feature_match_confidence"":""review"",""feature_match_reasons"":[""지역이 맞는 공공 후보가 있으나 명칭이 동일 장소라고 단정할 수 없어 Feature ID를 채택하지 않음""],""feature_match_partial"":false,""feature_match_status"":""unresolved""}"
korean-tourism-100:2025-2026,korean-tourism-100,한국관광 100선,관광 선정,2025-2026 한국관광 100선,2025-2026,,korea-tourism-organization,korean-tourism-100-2025-2026,문화체육관광부·한국관광공사,https://korean.visitkorea.or.kr/other/other_list.do?otdid=622bcd99-84fa-11e8-8165-020027310001,kt100-2025-2026-022,primary,22,광명동굴,,f_4121010700_p_c2915f7c49ab9b12,22,광명동굴,2025-2026 한국관광 100선 공식 선정지,"{""region"":""경기"",""official_entry_type"":""single"",""feature_match_confidence"":""exact"",""feature_match_reasons"":[""공식·공공 제공자 후보의 명칭이 일치하고 지역 단서가 충돌하지 않음""],""feature_match_partial"":false}"
korean-tourism-100:2025-2026,korean-tourism-100,한국관광 100선,관광 선정,2025-2026 한국관광 100선,2025-2026,,korea-tourism-organization,korean-tourism-100-2025-2026,문화체육관광부·한국관광공사,https://korean.visitkorea.or.kr/other/other_list.do?otdid=622bcd99-84fa-11e8-8165-020027310001,kt100-2025-2026-023,primary,23,설악산 국립공원,,,23,설악산 국립공원,2025-2026 한국관광 100선 공식 선정지,"{""region"":""강원"",""official_entry_type"":""single"",""feature_match_confidence"":""review"",""feature_match_reasons"":[""지역이 맞는 공공 후보가 있으나 명칭이 동일 장소라고 단정할 수 없어 Feature ID를 채택하지 않음""],""feature_match_partial"":false,""feature_match_status"":""unresolved""}"
korean-tourism-100:2025-2026,korean-tourism-100,한국관광 100선,관광 선정,2025-2026 한국관광 100선,2025-2026,,korea-tourism-organization,korean-tourism-100-2025-2026,문화체육관광부·한국관광공사,https://korean.visitkorea.or.kr/other/other_list.do?otdid=622bcd99-84fa-11e8-8165-020027310001,kt100-2025-2026-024,primary,24,남이섬,,,24,남이섬,2025-2026 한국관광 100선 공식 선정지,"{""region"":""강원"",""official_entry_type"":""single"",""feature_match_confidence"":""unmatched"",""feature_match_reasons"":[""제공된 운영 후보에서 동일 장소로 안전하게 판단할 Feature를 찾지 못함""],""feature_match_partial"":false,""feature_match_status"":""unresolved""}"
korean-tourism-100:2025-2026,korean-tourism-100,한국관광 100선,관광 선정,2025-2026 한국관광 100선,2025-2026,,korea-tourism-organization,korean-tourism-100-2025-2026,문화체육관광부·한국관광공사,https://korean.visitkorea.or.kr/other/other_list.do?otdid=622bcd99-84fa-11e8-8165-020027310001,kt100-2025-2026-025,primary,25,대관령,,,25,대관령,2025-2026 한국관광 100선 공식 선정지,"{""region"":""강원"",""official_entry_type"":""single"",""feature_match_confidence"":""review"",""feature_match_reasons"":[""지역이 맞는 공공 후보가 있으나 명칭이 동일 장소라고 단정할 수 없어 Feature ID를 채택하지 않음""],""feature_match_partial"":false,""feature_match_status"":""unresolved""}"
korean-tourism-100:2025-2026,korean-tourism-100,한국관광 100선,관광 선정,2025-2026 한국관광 100선,2025-2026,,korea-tourism-organization,korean-tourism-100-2025-2026,문화체육관광부·한국관광공사,https://korean.visitkorea.or.kr/other/other_list.do?otdid=622bcd99-84fa-11e8-8165-020027310001,kt100-2025-2026-026,component-01,26,뮤지엄산&간현관광지(소금산그랜드밸리),,f_5113033000_p_cee9cb92ae582676,26,뮤지엄산&간현관광지(소금산그랜드밸리),2025-2026 한국관광 100선 공식 선정지,"{""region"":""강원"",""official_entry_type"":""composite"",""feature_match_confidence"":""high"",""feature_match_reasons"":[""복합 대상의 뮤지엄산미술관과 간현관광지를 각각 공공 Feature로 확인함""],""feature_match_partial"":false}"
korean-tourism-100:2025-2026,korean-tourism-100,한국관광 100선,관광 선정,2025-2026 한국관광 100선,2025-2026,,korea-tourism-organization,korean-tourism-100-2025-2026,문화체육관광부·한국관광공사,https://korean.visitkorea.or.kr/other/other_list.do?otdid=622bcd99-84fa-11e8-8165-020027310001,kt100-2025-2026-026,component-02,26,뮤지엄산&간현관광지(소금산그랜드밸리),,f_5113033021_p_4e5bf4e068ddca0c,26,뮤지엄산&간현관광지(소금산그랜드밸리),2025-2026 한국관광 100선 공식 선정지,"{""region"":""강원"",""official_entry_type"":""composite"",""feature_match_confidence"":""high"",""feature_match_reasons"":[""복합 대상의 뮤지엄산미술관과 간현관광지를 각각 공공 Feature로 확인함""],""feature_match_partial"":false}"
korean-tourism-100:2025-2026,korean-tourism-100,한국관광 100선,관광 선정,2025-2026 한국관광 100선,2025-2026,,korea-tourism-organization,korean-tourism-100-2025-2026,문화체육관광부·한국관광공사,https://korean.visitkorea.or.kr/other/other_list.do?otdid=622bcd99-84fa-11e8-8165-020027310001,kt100-2025-2026-027,primary,27,속초관광수산시장,,,27,속초관광수산시장,2025-2026 한국관광 100선 공식 선정지,"{""region"":""강원"",""official_entry_type"":""single"",""feature_match_confidence"":""review"",""feature_match_reasons"":[""지역이 맞는 공공 후보가 있으나 명칭이 동일 장소라고 단정할 수 없어 Feature ID를 채택하지 않음""],""feature_match_partial"":false,""feature_match_status"":""unresolved""}"
korean-tourism-100:2025-2026,korean-tourism-100,한국관광 100선,관광 선정,2025-2026 한국관광 100선,2025-2026,,korea-tourism-organization,korean-tourism-100-2025-2026,문화체육관광부·한국관광공사,https://korean.visitkorea.or.kr/other/other_list.do?otdid=622bcd99-84fa-11e8-8165-020027310001,kt100-2025-2026-028,primary,28,철원 한탄강 주상절리길,,,28,철원 한탄강 주상절리길,2025-2026 한국관광 100선 공식 선정지,"{""region"":""강원"",""official_entry_type"":""single"",""feature_match_confidence"":""review"",""feature_match_reasons"":[""지역이 맞는 공공 후보가 있으나 명칭이 동일 장소라고 단정할 수 없어 Feature ID를 채택하지 않음""],""feature_match_partial"":false,""feature_match_status"":""unresolved""}"
korean-tourism-100:2025-2026,korean-tourism-100,한국관광 100선,관광 선정,2025-2026 한국관광 100선,2025-2026,,korea-tourism-organization,korean-tourism-100-2025-2026,문화체육관광부·한국관광공사,https://korean.visitkorea.or.kr/other/other_list.do?otdid=622bcd99-84fa-11e8-8165-020027310001,kt100-2025-2026-029,primary,29,도째비골 스카이밸리&해랑전망대,,,29,도째비골 스카이밸리&해랑전망대,2025-2026 한국관광 100선 공식 선정지,"{""region"":""강원"",""official_entry_type"":""composite"",""feature_match_confidence"":""review"",""feature_match_reasons"":[""지역이 맞는 공공 후보가 있으나 명칭이 동일 장소라고 단정할 수 없어 Feature ID를 채택하지 않음""],""feature_match_partial"":false,""feature_match_status"":""unresolved""}"
korean-tourism-100:2025-2026,korean-tourism-100,한국관광 100선,관광 선정,2025-2026 한국관광 100선,2025-2026,,korea-tourism-organization,korean-tourism-100-2025-2026,문화체육관광부·한국관광공사,https://korean.visitkorea.or.kr/other/other_list.do?otdid=622bcd99-84fa-11e8-8165-020027310001,kt100-2025-2026-030,primary,30,원대리 자작나무숲,,,30,원대리 자작나무숲,2025-2026 한국관광 100선 공식 선정지,"{""region"":""강원"",""official_entry_type"":""single"",""feature_match_confidence"":""review"",""feature_match_reasons"":[""지역이 맞는 공공 후보가 있으나 명칭이 동일 장소라고 단정할 수 없어 Feature ID를 채택하지 않음""],""feature_match_partial"":false,""feature_match_status"":""unresolved""}"
korean-tourism-100:2025-2026,korean-tourism-100,한국관광 100선,관광 선정,2025-2026 한국관광 100선,2025-2026,,korea-tourism-organization,korean-tourism-100-2025-2026,문화체육관광부·한국관광공사,https://korean.visitkorea.or.kr/other/other_list.do?otdid=622bcd99-84fa-11e8-8165-020027310001,kt100-2025-2026-031,primary,31,무릉계곡&무릉별유천지,,f_5117012400_p_dcb97755cc107562,31,무릉계곡&무릉별유천지,2025-2026 한국관광 100선 공식 선정지,"{""region"":""강원"",""official_entry_type"":""composite"",""feature_match_confidence"":""review"",""feature_match_reasons"":[""무릉계곡은 확인했으나 무릉별유천지 상위 Feature가 없어 부분 매칭임""],""feature_match_partial"":true}"
korean-tourism-100:2025-2026,korean-tourism-100,한국관광 100선,관광 선정,2025-2026 한국관광 100선,2025-2026,,korea-tourism-organization,korean-tourism-100-2025-2026,문화체육관광부·한국관광공사,https://korean.visitkorea.or.kr/other/other_list.do?otdid=622bcd99-84fa-11e8-8165-020027310001,kt100-2025-2026-032,primary,32,정동심곡 바다부채길,,,32,정동심곡 바다부채길,2025-2026 한국관광 100선 공식 선정지,"{""region"":""강원"",""official_entry_type"":""single"",""feature_match_confidence"":""review"",""feature_match_reasons"":[""지역이 맞는 공공 후보가 있으나 명칭이 동일 장소라고 단정할 수 없어 Feature ID를 채택하지 않음""],""feature_match_partial"":false,""feature_match_status"":""unresolved""}"
korean-tourism-100:2025-2026,korean-tourism-100,한국관광 100선,관광 선정,2025-2026 한국관광 100선,2025-2026,,korea-tourism-organization,korean-tourism-100-2025-2026,문화체육관광부·한국관광공사,https://korean.visitkorea.or.kr/other/other_list.do?otdid=622bcd99-84fa-11e8-8165-020027310001,kt100-2025-2026-033,primary,33,발왕산(천년주목숲길),,,33,발왕산(천년주목숲길),2025-2026 한국관광 100선 공식 선정지,"{""region"":""강원"",""official_entry_type"":""single"",""feature_match_confidence"":""unmatched"",""feature_match_reasons"":[""제공된 운영 후보에서 동일 장소로 안전하게 판단할 Feature를 찾지 못함""],""feature_match_partial"":false,""feature_match_status"":""unresolved""}"
korean-tourism-100:2025-2026,korean-tourism-100,한국관광 100선,관광 선정,2025-2026 한국관광 100선,2025-2026,,korea-tourism-organization,korean-tourism-100-2025-2026,문화체육관광부·한국관광공사,https://korean.visitkorea.or.kr/other/other_list.do?otdid=622bcd99-84fa-11e8-8165-020027310001,kt100-2025-2026-034,primary,34,장태산 자연휴양림,,f_3017012000_p_4cb0016f41277357,34,장태산 자연휴양림,2025-2026 한국관광 100선 공식 선정지,"{""region"":""대전"",""official_entry_type"":""single"",""feature_match_confidence"":""high"",""feature_match_reasons"":[""공식·공공 제공자 후보의 명칭이 일치하고 지역 단서가 충돌하지 않음""],""feature_match_partial"":false}"
korean-tourism-100:2025-2026,korean-tourism-100,한국관광 100선,관광 선정,2025-2026 한국관광 100선,2025-2026,,korea-tourism-organization,korean-tourism-100-2025-2026,문화체육관광부·한국관광공사,https://korean.visitkorea.or.kr/other/other_list.do?otdid=622bcd99-84fa-11e8-8165-020027310001,kt100-2025-2026-035,primary,35,국립세종수목원,,f_global_p_2eddbdc1ef5a0c00,35,국립세종수목원,2025-2026 한국관광 100선 공식 선정지,"{""region"": ""세종"", ""official_entry_type"": ""single"", ""feature_match_confidence"": ""backfilled-db-review"", ""feature_match_reasons"": [""DB curation_items 링크를 역반영. 정지오코딩 후보가 없어 이름·region(세종) 정합만 확인했다 — 좌표 대조로 확정한 것이 아니다 (T-VN-H25B).""], ""feature_match_partial"": false, ""feature_match_status"": ""linked""}"
korean-tourism-100:2025-2026,korean-tourism-100,한국관광 100선,관광 선정,2025-2026 한국관광 100선,2025-2026,,korea-tourism-organization,korean-tourism-100-2025-2026,문화체육관광부·한국관광공사,https://korean.visitkorea.or.kr/other/other_list.do?otdid=622bcd99-84fa-11e8-8165-020027310001,kt100-2025-2026-036,primary,36,청남대,,,36,청남대,2025-2026 한국관광 100선 공식 선정지,"{""region"":""충북"",""official_entry_type"":""single"",""feature_match_confidence"":""unmatched"",""feature_match_reasons"":[""제공된 운영 후보에서 동일 장소로 안전하게 판단할 Feature를 찾지 못함""],""feature_match_partial"":false,""feature_match_status"":""unresolved""}"
korean-tourism-100:2025-2026,korean-tourism-100,한국관광 100선,관광 선정,2025-2026 한국관광 100선,2025-2026,,korea-tourism-organization,korean-tourism-100-2025-2026,문화체육관광부·한국관광공사,https://korean.visitkorea.or.kr/other/other_list.do?otdid=622bcd99-84fa-11e8-8165-020027310001,kt100-2025-2026-037,primary,37,속리산법주사&속리산테마파크,,f_4372031527_p_324144481dd7739f,37,속리산법주사&속리산테마파크,2025-2026 한국관광 100선 공식 선정지,"{""region"":""충북"",""official_entry_type"":""composite"",""feature_match_confidence"":""review"",""feature_match_reasons"":[""속리산 법주사는 확인했으나 테마파크 Feature가 없어 부분 매칭임""],""feature_match_partial"":true}"
korean-tourism-100:2025-2026,korean-tourism-100,한국관광 100선,관광 선정,2025-2026 한국관광 100선,2025-2026,,korea-tourism-organization,korean-tourism-100-2025-2026,문화체육관광부·한국관광공사,https://korean.visitkorea.or.kr/other/other_list.do?otdid=622bcd99-84fa-11e8-8165-020027310001,kt100-2025-2026-038,primary,38,도담삼봉,,f_4380025324_p_0602e66a0e500e00,38,도담삼봉,2025-2026 한국관광 100선 공식 선정지,"{""region"":""충북"",""official_entry_type"":""single"",""feature_match_confidence"":""high"",""feature_match_reasons"":[""확인된 명칭 변형이 같은 공식 장소를 가리킴""],""feature_match_partial"":false}"
korean-tourism-100:2025-2026,korean-tourism-100,한국관광 100선,관광 선정,2025-2026 한국관광 100선,2025-2026,,korea-tourism-organization,korean-tourism-100-2025-2026,문화체육관광부·한국관광공사,https://korean.visitkorea.or.kr/other/other_list.do?otdid=622bcd99-84fa-11e8-8165-020027310001,kt100-2025-2026-039,primary,39,만천하스카이워크&단양강 잔도,,,39,만천하스카이워크&단양강 잔도,2025-2026 한국관광 100선 공식 선정지,"{""region"":""충북"",""official_entry_type"":""composite"",""feature_match_confidence"":""unmatched"",""feature_match_reasons"":[""제공된 운영 후보에서 동일 장소로 안전하게 판단할 Feature를 찾지 못함""],""feature_match_partial"":false,""feature_match_status"":""unresolved""}"
korean-tourism-100:2025-2026,korean-tourism-100,한국관광 100선,관광 선정,2025-2026 한국관광 100선,2025-2026,,korea-tourism-organization,korean-tourism-100-2025-2026,문화체육관광부·한국관광공사,https://korean.visitkorea.or.kr/other/other_list.do?otdid=622bcd99-84fa-11e8-8165-020027310001,kt100-2025-2026-040,primary,40,청풍호,,f_4315032041_p_12c53fe662dafc4f,40,청풍호,2025-2026 한국관광 100선 공식 선정지,"{""region"": ""충북"", ""official_entry_type"": ""single"", ""feature_match_confidence"": ""backfilled-db-review"", ""feature_match_reasons"": [""DB curation_items 링크를 역반영. 정지오코딩이 충북 제천(43150)을 지목해 feature sigungu_code와 일치했으나, 같은 시군구의 다른 대상(청풍호반케이블카 등)과는 이 축으로 구분되지 않는다 — 확정이 아니다 (T-VN-H25B).""], ""feature_match_partial"": false, ""feature_match_status"": ""linked""}"
korean-tourism-100:2025-2026,korean-tourism-100,한국관광 100선,관광 선정,2025-2026 한국관광 100선,2025-2026,,korea-tourism-organization,korean-tourism-100-2025-2026,문화체육관광부·한국관광공사,https://korean.visitkorea.or.kr/other/other_list.do?otdid=622bcd99-84fa-11e8-8165-020027310001,kt100-2025-2026-041,component-01,41,"공주 백제유적지(공산성, 공주 무령왕릉과 왕릉원)",,f_4415010800_p_8dba34cab85c23fb,41,"공주 백제유적지(공산성, 공주 무령왕릉과 왕릉원)",2025-2026 한국관광 100선 공식 선정지,"{""region"":""충남"",""official_entry_type"":""single"",""feature_match_confidence"":""high"",""feature_match_reasons"":[""복합 대상 2개 중 2개 구성 지점을 공식·공공 후보에서 확인""],""feature_match_partial"":false}"
korean-tourism-100:2025-2026,korean-tourism-100,한국관광 100선,관광 선정,2025-2026 한국관광 100선,2025-2026,,korea-tourism-organization,korean-tourism-100-2025-2026,문화체육관광부·한국관광공사,https://korean.visitkorea.or.kr/other/other_list.do?otdid=622bcd99-84fa-11e8-8165-020027310001,kt100-2025-2026-041,component-02,41,"공주 백제유적지(공산성, 공주 무령왕릉과 왕릉원)",,f_4415010700_p_5a48adfa6af81a74,41,"공주 백제유적지(공산성, 공주 무령왕릉과 왕릉원)",2025-2026 한국관광 100선 공식 선정지,"{""region"":""충남"",""official_entry_type"":""single"",""feature_match_confidence"":""high"",""feature_match_reasons"":[""복합 대상 2개 중 2개 구성 지점을 공식·공공 후보에서 확인""],""feature_match_partial"":false}"
korean-tourism-100:2025-2026,korean-tourism-100,한국관광 100선,관광 선정,2025-2026 한국관광 100선,2025-2026,,korea-tourism-organization,korean-tourism-100-2025-2026,문화체육관광부·한국관광공사,https://korean.visitkorea.or.kr/other/other_list.do?otdid=622bcd99-84fa-11e8-8165-020027310001,kt100-2025-2026-042,component-01,42,"부여 백제유적지(부소산성, 궁남지)",,f_4476025031_p_5c7bafa3cd6a80c4,42,"부여 백제유적지(부소산성, 궁남지)",2025-2026 한국관광 100선 공식 선정지,"{""region"":""충남"",""official_entry_type"":""single"",""feature_match_confidence"":""high"",""feature_match_reasons"":[""복합 대상 2개 중 2개 구성 지점을 공식·공공 후보에서 확인""],""feature_match_partial"":false}"
korean-tourism-100:2025-2026,korean-tourism-100,한국관광 100선,관광 선정,2025-2026 한국관광 100선,2025-2026,,korea-tourism-organization,korean-tourism-100-2025-2026,문화체육관광부·한국관광공사,https://korean.visitkorea.or.kr/other/other_list.do?otdid=622bcd99-84fa-11e8-8165-020027310001,kt100-2025-2026-042,component-02,42,"부여 백제유적지(부소산성, 궁남지)",,f_4476025028_p_a6c9242d35c53fdf,42,"부여 백제유적지(부소산성, 궁남지)",2025-2026 한국관광 100선 공식 선정지,"{""region"":""충남"",""official_entry_type"":""single"",""feature_match_confidence"":""high"",""feature_match_reasons"":[""복합 대상 2개 중 2개 구성 지점을 공식·공공 후보에서 확인""],""feature_match_partial"":false}"
korean-tourism-100:2025-2026,korean-tourism-100,한국관광 100선,관광 선정,2025-2026 한국관광 100선,2025-2026,,korea-tourism-organization,korean-tourism-100-2025-2026,문화체육관광부·한국관광공사,https://korean.visitkorea.or.kr/other/other_list.do?otdid=622bcd99-84fa-11e8-8165-020027310001,kt100-2025-2026-043,primary,43,대천해수욕장,,f_4418011000_p_c2e5efd9883fb324,43,대천해수욕장,2025-2026 한국관광 100선 공식 선정지,"{""region"":""충남"",""official_entry_type"":""single"",""feature_match_confidence"":""exact"",""feature_match_reasons"":[""공식·공공 제공자 후보의 명칭이 일치하고 지역 단서가 충돌하지 않음""],""feature_match_partial"":false}"
korean-tourism-100:2025-2026,korean-tourism-100,한국관광 100선,관광 선정,2025-2026 한국관광 100선,2025-2026,,korea-tourism-organization,korean-tourism-100-2025-2026,문화체육관광부·한국관광공사,https://korean.visitkorea.or.kr/other/other_list.do?otdid=622bcd99-84fa-11e8-8165-020027310001,kt100-2025-2026-044,primary,44,독립기념관,,f_4413125030_p_755d3540a1183fde,44,독립기념관,2025-2026 한국관광 100선 공식 선정지,"{""region"":""충남"",""official_entry_type"":""single"",""feature_match_confidence"":""exact"",""feature_match_reasons"":[""공식·공공 제공자 후보의 명칭이 일치하고 지역 단서가 충돌하지 않음""],""feature_match_partial"":false}"
korean-tourism-100:2025-2026,korean-tourism-100,한국관광 100선,관광 선정,2025-2026 한국관광 100선,2025-2026,,korea-tourism-organization,korean-tourism-100-2025-2026,문화체육관광부·한국관광공사,https://korean.visitkorea.or.kr/other/other_list.do?otdid=622bcd99-84fa-11e8-8165-020027310001,kt100-2025-2026-045,primary,45,안면도 꽃지해변,,,45,안면도 꽃지해변,2025-2026 한국관광 100선 공식 선정지,"{""region"":""충남"",""official_entry_type"":""single"",""feature_match_confidence"":""review"",""feature_match_reasons"":[""꽃지 할미·할아비바위는 인접 국가유산이지만 꽃지해변 자체 Feature와 같다고 볼 수 없어 보류함""],""feature_match_partial"":false,""feature_match_status"":""unresolved""}"
korean-tourism-100:2025-2026,korean-tourism-100,한국관광 100선,관광 선정,2025-2026 한국관광 100선,2025-2026,,korea-tourism-organization,korean-tourism-100-2025-2026,문화체육관광부·한국관광공사,https://korean.visitkorea.or.kr/other/other_list.do?otdid=622bcd99-84fa-11e8-8165-020027310001,kt100-2025-2026-046,primary,46,현충사,,,46,현충사,2025-2026 한국관광 100선 공식 선정지,"{""region"":""충남"",""official_entry_type"":""single"",""feature_match_confidence"":""unmatched"",""feature_match_reasons"":[""제공된 운영 후보에서 동일 장소로 안전하게 판단할 Feature를 찾지 못함""],""feature_match_partial"":false,""feature_match_status"":""unresolved""}"
korean-tourism-100:2025-2026,korean-tourism-100,한국관광 100선,관광 선정,2025-2026 한국관광 100선,2025-2026,,korea-tourism-organization,korean-tourism-100-2025-2026,문화체육관광부·한국관광공사,https://korean.visitkorea.or.kr/other/other_list.do?otdid=622bcd99-84fa-11e8-8165-020027310001,kt100-2025-2026-047,primary,47,서산해미읍성,,f_4421039021_p_02e38a6e4166e985,47,서산해미읍성,2025-2026 한국관광 100선 공식 선정지,"{""region"":""충남"",""official_entry_type"":""single"",""feature_match_confidence"":""high"",""feature_match_reasons"":[""공식·공공 제공자 후보의 명칭이 일치하고 지역 단서가 충돌하지 않음""],""feature_match_partial"":false}"
korean-tourism-100:2025-2026,korean-tourism-100,한국관광 100선,관광 선정,2025-2026 한국관광 100선,2025-2026,,korea-tourism-organization,korean-tourism-100-2025-2026,문화체육관광부·한국관광공사,https://korean.visitkorea.or.kr/other/other_list.do?otdid=622bcd99-84fa-11e8-8165-020027310001,kt100-2025-2026-048,primary,48,"예당관광지(예당호출렁다리&음악분수, 예당호모노레일)",,f_4481035027_p_e8e8d3a0e80dd596,48,"예당관광지(예당호출렁다리&음악분수, 예당호모노레일)",2025-2026 한국관광 100선 공식 선정지,"{""region"":""충남"",""official_entry_type"":""composite"",""feature_match_confidence"":""review"",""feature_match_reasons"":[""복합 항목의 일부 구성 지점만 후보에서 명확히 확인되어 전체성 검토가 필요함""],""feature_match_partial"":true}"
korean-tourism-100:2025-2026,korean-tourism-100,한국관광 100선,관광 선정,2025-2026 한국관광 100선,2025-2026,,korea-tourism-organization,korean-tourism-100-2025-2026,문화체육관광부·한국관광공사,https://korean.visitkorea.or.kr/other/other_list.do?otdid=622bcd99-84fa-11e8-8165-020027310001,kt100-2025-2026-049,primary,49,무등산국립공원,,,49,무등산국립공원,2025-2026 한국관광 100선 공식 선정지,"{""region"":""광주"",""official_entry_type"":""single"",""feature_match_confidence"":""review"",""feature_match_reasons"":[""지역이 맞는 공공 후보가 있으나 명칭이 동일 장소라고 단정할 수 없어 Feature ID를 채택하지 않음""],""feature_match_partial"":false,""feature_match_status"":""unresolved""}"
korean-tourism-100:2025-2026,korean-tourism-100,한국관광 100선,관광 선정,2025-2026 한국관광 100선,2025-2026,,korea-tourism-organization,korean-tourism-100-2025-2026,문화체육관광부·한국관광공사,https://korean.visitkorea.or.kr/other/other_list.do?otdid=622bcd99-84fa-11e8-8165-020027310001,kt100-2025-2026-050,primary,50,국립아시아문화전당,,f_2911011300_p_4126fe661034b404,50,국립아시아문화전당,2025-2026 한국관광 100선 공식 선정지,"{""region"":""광주"",""official_entry_type"":""single"",""feature_match_confidence"":""high"",""feature_match_reasons"":[""확인된 명칭 변형이 같은 공식 장소를 가리킴""],""feature_match_partial"":false}"
korean-tourism-100:2025-2026,korean-tourism-100,한국관광 100선,관광 선정,2025-2026 한국관광 100선,2025-2026,,korea-tourism-organization,korean-tourism-100-2025-2026,문화체육관광부·한국관광공사,https://korean.visitkorea.or.kr/other/other_list.do?otdid=622bcd99-84fa-11e8-8165-020027310001,kt100-2025-2026-051,primary,51,전주 한옥마을,,,51,전주 한옥마을,2025-2026 한국관광 100선 공식 선정지,"{""region"":""전북"",""official_entry_type"":""single"",""feature_match_confidence"":""review"",""feature_match_reasons"":[""지역이 맞는 공공 후보가 있으나 명칭이 동일 장소라고 단정할 수 없어 Feature ID를 채택하지 않음""],""feature_match_partial"":false,""feature_match_status"":""unresolved""}"
korean-tourism-100:2025-2026,korean-tourism-100,한국관광 100선,관광 선정,2025-2026 한국관광 100선,2025-2026,,korea-tourism-organization,korean-tourism-100-2025-2026,문화체육관광부·한국관광공사,https://korean.visitkorea.or.kr/other/other_list.do?otdid=622bcd99-84fa-11e8-8165-020027310001,kt100-2025-2026-052,primary,52,마이산도립공원,,f_5272037022_p_8defd1d3bed3cd1b,52,마이산도립공원,2025-2026 한국관광 100선 공식 선정지,"{""region"":""전북"",""official_entry_type"":""single"",""feature_match_confidence"":""high"",""feature_match_reasons"":[""확인된 명칭 변형이 같은 공식 장소를 가리킴""],""feature_match_partial"":false}"
korean-tourism-100:2025-2026,korean-tourism-100,한국관광 100선,관광 선정,2025-2026 한국관광 100선,2025-2026,,korea-tourism-organization,korean-tourism-100-2025-2026,문화체육관광부·한국관광공사,https://korean.visitkorea.or.kr/other/other_list.do?otdid=622bcd99-84fa-11e8-8165-020027310001,kt100-2025-2026-053,primary,53,내장산국립공원,,,53,내장산국립공원,2025-2026 한국관광 100선 공식 선정지,"{""region"":""전북"",""official_entry_type"":""single"",""feature_match_confidence"":""review"",""feature_match_reasons"":[""지역이 맞는 공공 후보가 있으나 명칭이 동일 장소라고 단정할 수 없어 Feature ID를 채택하지 않음""],""feature_match_partial"":false,""feature_match_status"":""unresolved""}"
korean-tourism-100:2025-2026,korean-tourism-100,한국관광 100선,관광 선정,2025-2026 한국관광 100선,2025-2026,,korea-tourism-organization,korean-tourism-100-2025-2026,문화체육관광부·한국관광공사,https://korean.visitkorea.or.kr/other/other_list.do?otdid=622bcd99-84fa-11e8-8165-020027310001,kt100-2025-2026-054,primary,54,부안변산반도,,,54,부안변산반도,2025-2026 한국관광 100선 공식 선정지,"{""region"":""전북"",""official_entry_type"":""single"",""feature_match_confidence"":""review"",""feature_match_reasons"":[""지역이 맞는 공공 후보가 있으나 명칭이 동일 장소라고 단정할 수 없어 Feature ID를 채택하지 않음""],""feature_match_partial"":false,""feature_match_status"":""unresolved""}"
korean-tourism-100:2025-2026,korean-tourism-100,한국관광 100선,관광 선정,2025-2026 한국관광 100선,2025-2026,,korea-tourism-organization,korean-tourism-100-2025-2026,문화체육관광부·한국관광공사,https://korean.visitkorea.or.kr/other/other_list.do?otdid=622bcd99-84fa-11e8-8165-020027310001,kt100-2025-2026-055,primary,55,강천산 군립공원,,,55,강천산 군립공원,2025-2026 한국관광 100선 공식 선정지,"{""region"":""전북"",""official_entry_type"":""single"",""feature_match_confidence"":""unmatched"",""feature_match_reasons"":[""제공된 운영 후보에서 동일 장소로 안전하게 판단할 Feature를 찾지 못함""],""feature_match_partial"":false,""feature_match_status"":""unresolved""}"
korean-tourism-100:2025-2026,korean-tourism-100,한국관광 100선,관광 선정,2025-2026 한국관광 100선,2025-2026,,korea-tourism-organization,korean-tourism-100-2025-2026,문화체육관광부·한국관광공사,https://korean.visitkorea.or.kr/other/other_list.do?otdid=622bcd99-84fa-11e8-8165-020027310001,kt100-2025-2026-056,primary,56,남원관광단지,,f_5219012200_p_314b22f79d4ef207,56,남원관광단지,2025-2026 한국관광 100선 공식 선정지,"{""region"":""전북"",""official_entry_type"":""single"",""feature_match_confidence"":""high"",""feature_match_reasons"":[""확인된 명칭 변형이 같은 공식 장소를 가리킴""],""feature_match_partial"":false}"
korean-tourism-100:2025-2026,korean-tourism-100,한국관광 100선,관광 선정,2025-2026 한국관광 100선,2025-2026,,korea-tourism-organization,korean-tourism-100-2025-2026,문화체육관광부·한국관광공사,https://korean.visitkorea.or.kr/other/other_list.do?otdid=622bcd99-84fa-11e8-8165-020027310001,kt100-2025-2026-057,primary,57,오성한옥마을,,f_5271034025_p_d3f592ed0fd17195,57,오성한옥마을,2025-2026 한국관광 100선 공식 선정지,"{""region"":""전북"",""official_entry_type"":""single"",""feature_match_confidence"":""exact"",""feature_match_reasons"":[""공식·공공 제공자 후보의 명칭이 일치하고 지역 단서가 충돌하지 않음""],""feature_match_partial"":false}"
korean-tourism-100:2025-2026,korean-tourism-100,한국관광 100선,관광 선정,2025-2026 한국관광 100선,2025-2026,,korea-tourism-organization,korean-tourism-100-2025-2026,문화체육관광부·한국관광공사,https://korean.visitkorea.or.kr/other/other_list.do?otdid=622bcd99-84fa-11e8-8165-020027310001,kt100-2025-2026-058,primary,58,반디랜드&태권도원,,f_5273032023_p_8648f198680aa196,58,반디랜드&태권도원,2025-2026 한국관광 100선 공식 선정지,"{""region"":""전북"",""official_entry_type"":""composite"",""feature_match_confidence"":""review"",""feature_match_reasons"":[""반디랜드는 확인했으나 태권도원 상위 Feature가 없어 부분 매칭임""],""feature_match_partial"":true}"
korean-tourism-100:2025-2026,korean-tourism-100,한국관광 100선,관광 선정,2025-2026 한국관광 100선,2025-2026,,korea-tourism-organization,korean-tourism-100-2025-2026,문화체육관광부·한국관광공사,https://korean.visitkorea.or.kr/other/other_list.do?otdid=622bcd99-84fa-11e8-8165-020027310001,kt100-2025-2026-059,component-01,59,순천만국가정원&순천만습지,,f_4615012600_p_49d1929527044d30,59,순천만국가정원&순천만습지,2025-2026 한국관광 100선 공식 선정지,"{""region"":""전남"",""official_entry_type"":""composite"",""feature_match_confidence"":""high"",""feature_match_reasons"":[""복합 대상 2개 중 2개 구성 지점을 공식·공공 후보에서 확인""],""feature_match_partial"":false}"
korean-tourism-100:2025-2026,korean-tourism-100,한국관광 100선,관광 선정,2025-2026 한국관광 100선,2025-2026,,korea-tourism-organization,korean-tourism-100-2025-2026,문화체육관광부·한국관광공사,https://korean.visitkorea.or.kr/other/other_list.do?otdid=622bcd99-84fa-11e8-8165-020027310001,kt100-2025-2026-059,component-02,59,순천만국가정원&순천만습지,,f_4615013100_p_457e3e0700dc007c,59,순천만국가정원&순천만습지,2025-2026 한국관광 100선 공식 선정지,"{""region"":""전남"",""official_entry_type"":""composite"",""feature_match_confidence"":""high"",""feature_match_reasons"":[""복합 대상 2개 중 2개 구성 지점을 공식·공공 후보에서 확인""],""feature_match_partial"":false}"
korean-tourism-100:2025-2026,korean-tourism-100,한국관광 100선,관광 선정,2025-2026 한국관광 100선,2025-2026,,korea-tourism-organization,korean-tourism-100-2025-2026,문화체육관광부·한국관광공사,https://korean.visitkorea.or.kr/other/other_list.do?otdid=622bcd99-84fa-11e8-8165-020027310001,kt100-2025-2026-060,component-01,60,죽녹원&관방제림,,f_4671025027_p_67e7dd612c6be1b9,60,죽녹원&관방제림,2025-2026 한국관광 100선 공식 선정지,"{""region"":""전남"",""official_entry_type"":""composite"",""feature_match_confidence"":""high"",""feature_match_reasons"":[""복합 대상 2개 중 2개 구성 지점을 공식·공공 후보에서 확인""],""feature_match_partial"":false}"
korean-tourism-100:2025-2026,korean-tourism-100,한국관광 100선,관광 선정,2025-2026 한국관광 100선,2025-2026,,korea-tourism-organization,korean-tourism-100-2025-2026,문화체육관광부·한국관광공사,https://korean.visitkorea.or.kr/other/other_list.do?otdid=622bcd99-84fa-11e8-8165-020027310001,kt100-2025-2026-060,component-02,60,죽녹원&관방제림,,f_4671025024_p_f8cbffeecc60b63a,60,죽녹원&관방제림,2025-2026 한국관광 100선 공식 선정지,"{""region"":""전남"",""official_entry_type"":""composite"",""feature_match_confidence"":""high"",""feature_match_reasons"":[""복합 대상 2개 중 2개 구성 지점을 공식·공공 후보에서 확인""],""feature_match_partial"":false}"
korean-tourism-100:2025-2026,korean-tourism-100,한국관광 100선,관광 선정,2025-2026 한국관광 100선,2025-2026,,korea-tourism-organization,korean-tourism-100-2025-2026,문화체육관광부·한국관광공사,https://korean.visitkorea.or.kr/other/other_list.do?otdid=622bcd99-84fa-11e8-8165-020027310001,kt100-2025-2026-061,primary,61,퍼플섬,,,61,퍼플섬,2025-2026 한국관광 100선 공식 선정지,"{""region"":""전남"",""official_entry_type"":""single"",""feature_match_confidence"":""unmatched"",""feature_match_reasons"":[""제공된 운영 후보에서 동일 장소로 안전하게 판단할 Feature를 찾지 못함""],""feature_match_partial"":false,""feature_match_status"":""unresolved""}"
korean-tourism-100:2025-2026,korean-tourism-100,한국관광 100선,관광 선정,2025-2026 한국관광 100선,2025-2026,,korea-tourism-organization,korean-tourism-100-2025-2026,문화체육관광부·한국관광공사,https://korean.visitkorea.or.kr/other/other_list.do?otdid=622bcd99-84fa-11e8-8165-020027310001,kt100-2025-2026-062,primary,62,광양 매화마을&청매실농원,,,62,광양 매화마을&청매실농원,2025-2026 한국관광 100선 공식 선정지,"{""region"":""전남"",""official_entry_type"":""composite"",""feature_match_confidence"":""review"",""feature_match_reasons"":[""지역이 맞는 공공 후보가 있으나 명칭이 동일 장소라고 단정할 수 없어 Feature ID를 채택하지 않음""],""feature_match_partial"":false,""feature_match_status"":""unresolved""}"
korean-tourism-100:2025-2026,korean-tourism-100,한국관광 100선,관광 선정,2025-2026 한국관광 100선,2025-2026,,korea-tourism-organization,korean-tourism-100-2025-2026,문화체육관광부·한국관광공사,https://korean.visitkorea.or.kr/other/other_list.do?otdid=622bcd99-84fa-11e8-8165-020027310001,kt100-2025-2026-063,primary,63,엑스포해양공원,,,63,엑스포해양공원,2025-2026 한국관광 100선 공식 선정지,"{""region"":""전남"",""official_entry_type"":""single"",""feature_match_confidence"":""review"",""feature_match_reasons"":[""여수해양공원은 별도 장소일 가능성이 있어 엑스포해양공원 Feature로 대체하지 않음""],""feature_match_partial"":false,""feature_match_status"":""unresolved""}"
korean-tourism-100:2025-2026,korean-tourism-100,한국관광 100선,관광 선정,2025-2026 한국관광 100선,2025-2026,,korea-tourism-organization,korean-tourism-100-2025-2026,문화체육관광부·한국관광공사,https://korean.visitkorea.or.kr/other/other_list.do?otdid=622bcd99-84fa-11e8-8165-020027310001,kt100-2025-2026-064,component-01,64,목포근대역사공간&목포 해상케이블카,,f_4611015700_p_8bfed126bc960681,64,목포근대역사공간&목포 해상케이블카,2025-2026 한국관광 100선 공식 선정지,"{""region"":""전남"",""official_entry_type"":""composite"",""feature_match_confidence"":""high"",""feature_match_reasons"":[""복합 대상 3개 중 3개 구성 지점을 공식·공공 후보에서 확인""],""feature_match_partial"":false}"
korean-tourism-100:2025-2026,korean-tourism-100,한국관광 100선,관광 선정,2025-2026 한국관광 100선,2025-2026,,korea-tourism-organization,korean-tourism-100-2025-2026,문화체육관광부·한국관광공사,https://korean.visitkorea.or.kr/other/other_list.do?otdid=622bcd99-84fa-11e8-8165-020027310001,kt100-2025-2026-064,component-02,64,목포근대역사공간&목포 해상케이블카,,f_4611013400_p_5bc993d25ef4358f,64,목포근대역사공간&목포 해상케이블카,2025-2026 한국관광 100선 공식 선정지,"{""region"":""전남"",""official_entry_type"":""composite"",""feature_match_confidence"":""high"",""feature_match_reasons"":[""복합 대상 3개 중 3개 구성 지점을 공식·공공 후보에서 확인""],""feature_match_partial"":false}"
korean-tourism-100:2025-2026,korean-tourism-100,한국관광 100선,관광 선정,2025-2026 한국관광 100선,2025-2026,,korea-tourism-organization,korean-tourism-100-2025-2026,문화체육관광부·한국관광공사,https://korean.visitkorea.or.kr/other/other_list.do?otdid=622bcd99-84fa-11e8-8165-020027310001,kt100-2025-2026-064,component-03,64,목포근대역사공간&목포 해상케이블카,,f_4611013700_p_e87ac321e6686693,64,목포근대역사공간&목포 해상케이블카,2025-2026 한국관광 100선 공식 선정지,"{""region"":""전남"",""official_entry_type"":""composite"",""feature_match_confidence"":""high"",""feature_match_reasons"":[""복합 대상 3개 중 3개 구성 지점을 공식·공공 후보에서 확인""],""feature_match_partial"":false}"
korean-tourism-100:2025-2026,korean-tourism-100,한국관광 100선,관광 선정,2025-2026 한국관광 100선,2025-2026,,korea-tourism-organization,korean-tourism-100-2025-2026,문화체육관광부·한국관광공사,https://korean.visitkorea.or.kr/other/other_list.do?otdid=622bcd99-84fa-11e8-8165-020027310001,kt100-2025-2026-065,primary,65,섬진강기차마을,,,65,섬진강기차마을,2025-2026 한국관광 100선 공식 선정지,"{""region"":""전남"",""official_entry_type"":""single"",""feature_match_confidence"":""review"",""feature_match_reasons"":[""지역이 맞는 공공 후보가 있으나 명칭이 동일 장소라고 단정할 수 없어 Feature ID를 채택하지 않음""],""feature_match_partial"":false,""feature_match_status"":""unresolved""}"
korean-tourism-100:2025-2026,korean-tourism-100,한국관광 100선,관광 선정,2025-2026 한국관광 100선,2025-2026,,korea-tourism-organization,korean-tourism-100-2025-2026,문화체육관광부·한국관광공사,https://korean.visitkorea.or.kr/other/other_list.do?otdid=622bcd99-84fa-11e8-8165-020027310001,kt100-2025-2026-066,primary,66,정남진 편백숲 우드랜드,,,66,정남진 편백숲 우드랜드,2025-2026 한국관광 100선 공식 선정지,"{""region"":""전남"",""official_entry_type"":""single"",""feature_match_confidence"":""review"",""feature_match_reasons"":[""지역이 맞는 공공 후보가 있으나 명칭이 동일 장소라고 단정할 수 없어 Feature ID를 채택하지 않음""],""feature_match_partial"":false,""feature_match_status"":""unresolved""}"
korean-tourism-100:2025-2026,korean-tourism-100,한국관광 100선,관광 선정,2025-2026 한국관광 100선,2025-2026,,korea-tourism-organization,korean-tourism-100-2025-2026,문화체육관광부·한국관광공사,https://korean.visitkorea.or.kr/other/other_list.do?otdid=622bcd99-84fa-11e8-8165-020027310001,kt100-2025-2026-067,primary,67,광안리해변&SUP존,,f_2650010400_p_da5b24a2486d3a77,67,광안리해변&SUP존,2025-2026 한국관광 100선 공식 선정지,"{""region"":""부산"",""official_entry_type"":""composite"",""feature_match_confidence"":""review"",""feature_match_reasons"":[""광안리 Feature는 확인했으나 SUP존 별도 Feature가 없어 부분 매칭임""],""feature_match_partial"":true}"
korean-tourism-100:2025-2026,korean-tourism-100,한국관광 100선,관광 선정,2025-2026 한국관광 100선,2025-2026,,korea-tourism-organization,korean-tourism-100-2025-2026,문화체육관광부·한국관광공사,https://korean.visitkorea.or.kr/other/other_list.do?otdid=622bcd99-84fa-11e8-8165-020027310001,kt100-2025-2026-068,primary,68,해운대&송정해수욕장,,f_2635010500_p_494be280fe26d5ed,68,해운대&송정해수욕장,2025-2026 한국관광 100선 공식 선정지,"{""region"":""부산"",""official_entry_type"":""composite"",""feature_match_confidence"":""review"",""feature_match_reasons"":[""해운대해수욕장은 확인했으나 부산 송정해수욕장 상위 Feature가 없어 부분 매칭임""],""feature_match_partial"":true}"
korean-tourism-100:2025-2026,korean-tourism-100,한국관광 100선,관광 선정,2025-2026 한국관광 100선,2025-2026,,korea-tourism-organization,korean-tourism-100-2025-2026,문화체육관광부·한국관광공사,https://korean.visitkorea.or.kr/other/other_list.do?otdid=622bcd99-84fa-11e8-8165-020027310001,kt100-2025-2026-069,primary,69,태종대유원지,,f_2620012100_p_2157b867791e6344,69,태종대유원지,2025-2026 한국관광 100선 공식 선정지,"{""region"":""부산"",""official_entry_type"":""single"",""feature_match_confidence"":""high"",""feature_match_reasons"":[""확인된 명칭 변형이 같은 공식 장소를 가리킴""],""feature_match_partial"":false}"
korean-tourism-100:2025-2026,korean-tourism-100,한국관광 100선,관광 선정,2025-2026 한국관광 100선,2025-2026,,korea-tourism-organization,korean-tourism-100-2025-2026,문화체육관광부·한국관광공사,https://korean.visitkorea.or.kr/other/other_list.do?otdid=622bcd99-84fa-11e8-8165-020027310001,kt100-2025-2026-070,primary,70,해동 용궁사(부산)&오시리아관광단지,,,70,해동 용궁사(부산)&오시리아관광단지,2025-2026 한국관광 100선 공식 선정지,"{""region"":""부산"",""official_entry_type"":""composite"",""feature_match_confidence"":""review"",""feature_match_reasons"":[""지역이 맞는 공공 후보가 있으나 명칭이 동일 장소라고 단정할 수 없어 Feature ID를 채택하지 않음""],""feature_match_partial"":false,""feature_match_status"":""unresolved""}"
korean-tourism-100:2025-2026,korean-tourism-100,한국관광 100선,관광 선정,2025-2026 한국관광 100선,2025-2026,,korea-tourism-organization,korean-tourism-100-2025-2026,문화체육관광부·한국관광공사,https://korean.visitkorea.or.kr/other/other_list.do?otdid=622bcd99-84fa-11e8-8165-020027310001,kt100-2025-2026-071,primary,71,감천문화마을,,f_2638010800_p_0519578dadbe27e1,71,감천문화마을,2025-2026 한국관광 100선 공식 선정지,"{""region"":""부산"",""official_entry_type"":""single"",""feature_match_confidence"":""exact"",""feature_match_reasons"":[""공식·공공 제공자 후보의 명칭이 일치하고 지역 단서가 충돌하지 않음""],""feature_match_partial"":false}"
korean-tourism-100:2025-2026,korean-tourism-100,한국관광 100선,관광 선정,2025-2026 한국관광 100선,2025-2026,,korea-tourism-organization,korean-tourism-100-2025-2026,문화체육관광부·한국관광공사,https://korean.visitkorea.or.kr/other/other_list.do?otdid=622bcd99-84fa-11e8-8165-020027310001,kt100-2025-2026-072,primary,72,부산엑스더스카이&그린레일웨이,,,72,부산엑스더스카이&그린레일웨이,2025-2026 한국관광 100선 공식 선정지,"{""region"":""부산"",""official_entry_type"":""composite"",""feature_match_confidence"":""unmatched"",""feature_match_reasons"":[""제공된 운영 후보에서 동일 장소로 안전하게 판단할 Feature를 찾지 못함""],""feature_match_partial"":false,""feature_match_status"":""unresolved""}"
korean-tourism-100:2025-2026,korean-tourism-100,한국관광 100선,관광 선정,2025-2026 한국관광 100선,2025-2026,,korea-tourism-organization,korean-tourism-100-2025-2026,문화체육관광부·한국관광공사,https://korean.visitkorea.or.kr/other/other_list.do?otdid=622bcd99-84fa-11e8-8165-020027310001,kt100-2025-2026-073,primary,73,서문시장&동성로,,,73,서문시장&동성로,2025-2026 한국관광 100선 공식 선정지,"{""region"":""대구"",""official_entry_type"":""composite"",""feature_match_confidence"":""unmatched"",""feature_match_reasons"":[""제공된 운영 후보에서 동일 장소로 안전하게 판단할 Feature를 찾지 못함""],""feature_match_partial"":false,""feature_match_status"":""unresolved""}"
korean-tourism-100:2025-2026,korean-tourism-100,한국관광 100선,관광 선정,2025-2026 한국관광 100선,2025-2026,,korea-tourism-organization,korean-tourism-100-2025-2026,문화체육관광부·한국관광공사,https://korean.visitkorea.or.kr/other/other_list.do?otdid=622bcd99-84fa-11e8-8165-020027310001,kt100-2025-2026-074,primary,74,팔공산,,,74,팔공산,2025-2026 한국관광 100선 공식 선정지,"{""region"":""대구"",""official_entry_type"":""single"",""feature_match_confidence"":""review"",""feature_match_reasons"":[""지역이 맞는 공공 후보가 있으나 명칭이 동일 장소라고 단정할 수 없어 Feature ID를 채택하지 않음""],""feature_match_partial"":false,""feature_match_status"":""unresolved""}"
korean-tourism-100:2025-2026,korean-tourism-100,한국관광 100선,관광 선정,2025-2026 한국관광 100선,2025-2026,,korea-tourism-organization,korean-tourism-100-2025-2026,문화체육관광부·한국관광공사,https://korean.visitkorea.or.kr/other/other_list.do?otdid=622bcd99-84fa-11e8-8165-020027310001,kt100-2025-2026-075,primary,75,사유원,,,75,사유원,2025-2026 한국관광 100선 공식 선정지,"{""region"":""대구"",""official_entry_type"":""single"",""feature_match_confidence"":""unmatched"",""feature_match_reasons"":[""제공된 운영 후보에서 동일 장소로 안전하게 판단할 Feature를 찾지 못함""],""feature_match_partial"":false,""feature_match_status"":""unresolved""}"
korean-tourism-100:2025-2026,korean-tourism-100,한국관광 100선,관광 선정,2025-2026 한국관광 100선,2025-2026,,korea-tourism-organization,korean-tourism-100-2025-2026,문화체육관광부·한국관광공사,https://korean.visitkorea.or.kr/other/other_list.do?otdid=622bcd99-84fa-11e8-8165-020027310001,kt100-2025-2026-076,primary,76,태화강 국가정원,,f_3111011100_p_ad65bdaa6f02c6fb,76,태화강 국가정원,2025-2026 한국관광 100선 공식 선정지,"{""region"":""울산"",""official_entry_type"":""single"",""feature_match_confidence"":""high"",""feature_match_reasons"":[""공식·공공 제공자 후보의 명칭이 일치하고 지역 단서가 충돌하지 않음""],""feature_match_partial"":false}"
korean-tourism-100:2025-2026,korean-tourism-100,한국관광 100선,관광 선정,2025-2026 한국관광 100선,2025-2026,,korea-tourism-organization,korean-tourism-100-2025-2026,문화체육관광부·한국관광공사,https://korean.visitkorea.or.kr/other/other_list.do?otdid=622bcd99-84fa-11e8-8165-020027310001,kt100-2025-2026-077,primary,77,영남알프스(간월재),,,77,영남알프스(간월재),2025-2026 한국관광 100선 공식 선정지,"{""region"":""울산"",""official_entry_type"":""single"",""feature_match_confidence"":""review"",""feature_match_reasons"":[""지역이 맞는 공공 후보가 있으나 명칭이 동일 장소라고 단정할 수 없어 Feature ID를 채택하지 않음""],""feature_match_partial"":false,""feature_match_status"":""unresolved""}"
korean-tourism-100:2025-2026,korean-tourism-100,한국관광 100선,관광 선정,2025-2026 한국관광 100선,2025-2026,,korea-tourism-organization,korean-tourism-100-2025-2026,문화체육관광부·한국관광공사,https://korean.visitkorea.or.kr/other/other_list.do?otdid=622bcd99-84fa-11e8-8165-020027310001,kt100-2025-2026-078,primary,78,대왕암공원,,,78,대왕암공원,2025-2026 한국관광 100선 공식 선정지,"{""region"":""울산"",""official_entry_type"":""single"",""feature_match_confidence"":""review"",""feature_match_reasons"":[""지역이 맞는 공공 후보가 있으나 명칭이 동일 장소라고 단정할 수 없어 Feature ID를 채택하지 않음""],""feature_match_partial"":false,""feature_match_status"":""unresolved""}"
korean-tourism-100:2025-2026,korean-tourism-100,한국관광 100선,관광 선정,2025-2026 한국관광 100선,2025-2026,,korea-tourism-organization,korean-tourism-100-2025-2026,문화체육관광부·한국관광공사,https://korean.visitkorea.or.kr/other/other_list.do?otdid=622bcd99-84fa-11e8-8165-020027310001,kt100-2025-2026-079,component-01,79,"경주 대릉원(동궁과 월지, 첨성대)&황리단길&월정교",,f_4713011000_p_3a23472927cb129f,79,"경주 대릉원(동궁과 월지, 첨성대)&황리단길&월정교",2025-2026 한국관광 100선 공식 선정지,"{""region"":""경북"",""official_entry_type"":""composite"",""feature_match_confidence"":""review"",""feature_match_reasons"":[""대릉원·동궁과 월지·첨성대·월정교지는 확인했으나 황리단길 상위 Feature가 없어 부분 매칭임""],""feature_match_partial"":true}"
korean-tourism-100:2025-2026,korean-tourism-100,한국관광 100선,관광 선정,2025-2026 한국관광 100선,2025-2026,,korea-tourism-organization,korean-tourism-100-2025-2026,문화체육관광부·한국관광공사,https://korean.visitkorea.or.kr/other/other_list.do?otdid=622bcd99-84fa-11e8-8165-020027310001,kt100-2025-2026-079,component-02,79,"경주 대릉원(동궁과 월지, 첨성대)&황리단길&월정교",,f_4713011200_p_0e6cfb7c5132e9f0,79,"경주 대릉원(동궁과 월지, 첨성대)&황리단길&월정교",2025-2026 한국관광 100선 공식 선정지,"{""region"":""경북"",""official_entry_type"":""composite"",""feature_match_confidence"":""review"",""feature_match_reasons"":[""대릉원·동궁과 월지·첨성대·월정교지는 확인했으나 황리단길 상위 Feature가 없어 부분 매칭임""],""feature_match_partial"":true}"
korean-tourism-100:2025-2026,korean-tourism-100,한국관광 100선,관광 선정,2025-2026 한국관광 100선,2025-2026,,korea-tourism-organization,korean-tourism-100-2025-2026,문화체육관광부·한국관광공사,https://korean.visitkorea.or.kr/other/other_list.do?otdid=622bcd99-84fa-11e8-8165-020027310001,kt100-2025-2026-079,component-03,79,"경주 대릉원(동궁과 월지, 첨성대)&황리단길&월정교",,f_4713011000_p_cde38c15bd73c02a,79,"경주 대릉원(동궁과 월지, 첨성대)&황리단길&월정교",2025-2026 한국관광 100선 공식 선정지,"{""region"":""경북"",""official_entry_type"":""composite"",""feature_match_confidence"":""review"",""feature_match_reasons"":[""대릉원·동궁과 월지·첨성대·월정교지는 확인했으나 황리단길 상위 Feature가 없어 부분 매칭임""],""feature_match_partial"":true}"
korean-tourism-100:2025-2026,korean-tourism-100,한국관광 100선,관광 선정,2025-2026 한국관광 100선,2025-2026,,korea-tourism-organization,korean-tourism-100-2025-2026,문화체육관광부·한국관광공사,https://korean.visitkorea.or.kr/other/other_list.do?otdid=622bcd99-84fa-11e8-8165-020027310001,kt100-2025-2026-079,component-04,79,"경주 대릉원(동궁과 월지, 첨성대)&황리단길&월정교",,f_4713011200_p_55505b91f34ce350,79,"경주 대릉원(동궁과 월지, 첨성대)&황리단길&월정교",2025-2026 한국관광 100선 공식 선정지,"{""region"":""경북"",""official_entry_type"":""composite"",""feature_match_confidence"":""review"",""feature_match_reasons"":[""대릉원·동궁과 월지·첨성대·월정교지는 확인했으나 황리단길 상위 Feature가 없어 부분 매칭임""],""feature_match_partial"":true}"
korean-tourism-100:2025-2026,korean-tourism-100,한국관광 100선,관광 선정,2025-2026 한국관광 100선,2025-2026,,korea-tourism-organization,korean-tourism-100-2025-2026,문화체육관광부·한국관광공사,https://korean.visitkorea.or.kr/other/other_list.do?otdid=622bcd99-84fa-11e8-8165-020027310001,kt100-2025-2026-080,component-01,80,불국사&석굴암,,f_4713013400_p_31e951b070353b47,80,불국사&석굴암,2025-2026 한국관광 100선 공식 선정지,"{""region"":""경북"",""official_entry_type"":""composite"",""feature_match_confidence"":""high"",""feature_match_reasons"":[""복합 대상 2개 중 2개 구성 지점을 공식·공공 후보에서 확인""],""feature_match_partial"":false}"
korean-tourism-100:2025-2026,korean-tourism-100,한국관광 100선,관광 선정,2025-2026 한국관광 100선,2025-2026,,korea-tourism-organization,korean-tourism-100-2025-2026,문화체육관광부·한국관광공사,https://korean.visitkorea.or.kr/other/other_list.do?otdid=622bcd99-84fa-11e8-8165-020027310001,kt100-2025-2026-080,component-02,80,불국사&석굴암,,f_4713013400_p_fad02ab193b54294,80,불국사&석굴암,2025-2026 한국관광 100선 공식 선정지,"{""region"":""경북"",""official_entry_type"":""composite"",""feature_match_confidence"":""high"",""feature_match_reasons"":[""복합 대상 2개 중 2개 구성 지점을 공식·공공 후보에서 확인""],""feature_match_partial"":false}"
korean-tourism-100:2025-2026,korean-tourism-100,한국관광 100선,관광 선정,2025-2026 한국관광 100선,2025-2026,,korea-tourism-organization,korean-tourism-100-2025-2026,문화체육관광부·한국관광공사,https://korean.visitkorea.or.kr/other/other_list.do?otdid=622bcd99-84fa-11e8-8165-020027310001,kt100-2025-2026-081,primary,81,울릉도&독도,,,81,울릉도&독도,2025-2026 한국관광 100선 공식 선정지,"{""region"":""경북"",""official_entry_type"":""composite"",""feature_match_confidence"":""review"",""feature_match_reasons"":[""지역이 맞는 공공 후보가 있으나 명칭이 동일 장소라고 단정할 수 없어 Feature ID를 채택하지 않음""],""feature_match_partial"":false,""feature_match_status"":""unresolved""}"
korean-tourism-100:2025-2026,korean-tourism-100,한국관광 100선,관광 선정,2025-2026 한국관광 100선,2025-2026,,korea-tourism-organization,korean-tourism-100-2025-2026,문화체육관광부·한국관광공사,https://korean.visitkorea.or.kr/other/other_list.do?otdid=622bcd99-84fa-11e8-8165-020027310001,kt100-2025-2026-082,primary,82,안동하회마을,,,82,안동하회마을,2025-2026 한국관광 100선 공식 선정지,"{""region"":""경북"",""official_entry_type"":""single"",""feature_match_confidence"":""review"",""feature_match_reasons"":[""지역이 맞는 공공 후보가 있으나 명칭이 동일 장소라고 단정할 수 없어 Feature ID를 채택하지 않음""],""feature_match_partial"":false,""feature_match_status"":""unresolved""}"
korean-tourism-100:2025-2026,korean-tourism-100,한국관광 100선,관광 선정,2025-2026 한국관광 100선,2025-2026,,korea-tourism-organization,korean-tourism-100-2025-2026,문화체육관광부·한국관광공사,https://korean.visitkorea.or.kr/other/other_list.do?otdid=622bcd99-84fa-11e8-8165-020027310001,kt100-2025-2026-083,component-01,83,주왕산&주산지,,f_4775031523_p_a7760301af5c4800,83,주왕산&주산지,2025-2026 한국관광 100선 공식 선정지,"{""region"":""경북"",""official_entry_type"":""composite"",""feature_match_confidence"":""high"",""feature_match_reasons"":[""복합 대상 2개 중 2개 구성 지점을 공식·공공 후보에서 확인""],""feature_match_partial"":false}"
korean-tourism-100:2025-2026,korean-tourism-100,한국관광 100선,관광 선정,2025-2026 한국관광 100선,2025-2026,,korea-tourism-organization,korean-tourism-100-2025-2026,문화체육관광부·한국관광공사,https://korean.visitkorea.or.kr/other/other_list.do?otdid=622bcd99-84fa-11e8-8165-020027310001,kt100-2025-2026-083,component-02,83,주왕산&주산지,,f_4775031500_p_e4fc1175e84186a3,83,주왕산&주산지,2025-2026 한국관광 100선 공식 선정지,"{""region"":""경북"",""official_entry_type"":""composite"",""feature_match_confidence"":""high"",""feature_match_reasons"":[""복합 대상 2개 중 2개 구성 지점을 공식·공공 후보에서 확인""],""feature_match_partial"":false}"
korean-tourism-100:2025-2026,korean-tourism-100,한국관광 100선,관광 선정,2025-2026 한국관광 100선,2025-2026,,korea-tourism-organization,korean-tourism-100-2025-2026,문화체육관광부·한국관광공사,https://korean.visitkorea.or.kr/other/other_list.do?otdid=622bcd99-84fa-11e8-8165-020027310001,kt100-2025-2026-084,primary,84,국립백두대간수목원,,,84,국립백두대간수목원,2025-2026 한국관광 100선 공식 선정지,"{""region"":""경북"",""official_entry_type"":""single"",""feature_match_confidence"":""unmatched"",""feature_match_reasons"":[""제공된 운영 후보에서 동일 장소로 안전하게 판단할 Feature를 찾지 못함""],""feature_match_partial"":false,""feature_match_status"":""unresolved""}"
korean-tourism-100:2025-2026,korean-tourism-100,한국관광 100선,관광 선정,2025-2026 한국관광 100선,2025-2026,,korea-tourism-organization,korean-tourism-100-2025-2026,문화체육관광부·한국관광공사,https://korean.visitkorea.or.kr/other/other_list.do?otdid=622bcd99-84fa-11e8-8165-020027310001,kt100-2025-2026-085,primary,85,스페이스워크,,,85,스페이스워크,2025-2026 한국관광 100선 공식 선정지,"{""region"":""경북"",""official_entry_type"":""single"",""feature_match_confidence"":""unmatched"",""feature_match_reasons"":[""제공된 운영 후보에서 동일 장소로 안전하게 판단할 Feature를 찾지 못함""],""feature_match_partial"":false,""feature_match_status"":""unresolved""}"
korean-tourism-100:2025-2026,korean-tourism-100,한국관광 100선,관광 선정,2025-2026 한국관광 100선,2025-2026,,korea-tourism-organization,korean-tourism-100-2025-2026,문화체육관광부·한국관광공사,https://korean.visitkorea.or.kr/other/other_list.do?otdid=622bcd99-84fa-11e8-8165-020027310001,kt100-2025-2026-086,primary,86,통도사,,f_4833034022_p_e61108f059145588,86,통도사,2025-2026 한국관광 100선 공식 선정지,"{""region"":""경남"",""official_entry_type"":""single"",""feature_match_confidence"":""exact"",""feature_match_reasons"":[""공식·공공 제공자 후보의 명칭이 일치하고 지역 단서가 충돌하지 않음""],""feature_match_partial"":false}"
korean-tourism-100:2025-2026,korean-tourism-100,한국관광 100선,관광 선정,2025-2026 한국관광 100선,2025-2026,,korea-tourism-organization,korean-tourism-100-2025-2026,문화체육관광부·한국관광공사,https://korean.visitkorea.or.kr/other/other_list.do?otdid=622bcd99-84fa-11e8-8165-020027310001,kt100-2025-2026-087,primary,87,독일마을,,,87,독일마을,2025-2026 한국관광 100선 공식 선정지,"{""region"":""경남"",""official_entry_type"":""single"",""feature_match_confidence"":""unmatched"",""feature_match_reasons"":[""제공된 운영 후보에서 동일 장소로 안전하게 판단할 Feature를 찾지 못함""],""feature_match_partial"":false,""feature_match_status"":""unresolved""}"
korean-tourism-100:2025-2026,korean-tourism-100,한국관광 100선,관광 선정,2025-2026 한국관광 100선,2025-2026,,korea-tourism-organization,korean-tourism-100-2025-2026,문화체육관광부·한국관광공사,https://korean.visitkorea.or.kr/other/other_list.do?otdid=622bcd99-84fa-11e8-8165-020027310001,kt100-2025-2026-088,primary,88,진주성,,f_4817010500_p_671c17909acdd81b,88,진주성,2025-2026 한국관광 100선 공식 선정지,"{""region"":""경남"",""official_entry_type"":""single"",""feature_match_confidence"":""exact"",""feature_match_reasons"":[""공식·공공 제공자 후보의 명칭이 일치하고 지역 단서가 충돌하지 않음""],""feature_match_partial"":false}"
korean-tourism-100:2025-2026,korean-tourism-100,한국관광 100선,관광 선정,2025-2026 한국관광 100선,2025-2026,,korea-tourism-organization,korean-tourism-100-2025-2026,문화체육관광부·한국관광공사,https://korean.visitkorea.or.kr/other/other_list.do?otdid=622bcd99-84fa-11e8-8165-020027310001,kt100-2025-2026-089,primary,89,거제 식물원,,,89,거제 식물원,2025-2026 한국관광 100선 공식 선정지,"{""region"":""경남"",""official_entry_type"":""single"",""feature_match_confidence"":""review"",""feature_match_reasons"":[""지역이 맞는 공공 후보가 있으나 명칭이 동일 장소라고 단정할 수 없어 Feature ID를 채택하지 않음""],""feature_match_partial"":false,""feature_match_status"":""unresolved""}"
korean-tourism-100:2025-2026,korean-tourism-100,한국관광 100선,관광 선정,2025-2026 한국관광 100선,2025-2026,,korea-tourism-organization,korean-tourism-100-2025-2026,문화체육관광부·한국관광공사,https://korean.visitkorea.or.kr/other/other_list.do?otdid=622bcd99-84fa-11e8-8165-020027310001,kt100-2025-2026-090,component-01,90,지리산쌍계사&화개장터,,f_global_p_2d0aeba11c153dfd,90,지리산쌍계사&화개장터,2025-2026 한국관광 100선 공식 선정지,"{""region"":""경남"",""official_entry_type"":""composite"",""feature_match_confidence"":""high"",""feature_match_reasons"":[""복합 대상의 지리산 쌍계사 일원 국가유산과 화개장터 공공 Feature를 확인함""],""feature_match_partial"":false}"
korean-tourism-100:2025-2026,korean-tourism-100,한국관광 100선,관광 선정,2025-2026 한국관광 100선,2025-2026,,korea-tourism-organization,korean-tourism-100-2025-2026,문화체육관광부·한국관광공사,https://korean.visitkorea.or.kr/other/other_list.do?otdid=622bcd99-84fa-11e8-8165-020027310001,kt100-2025-2026-090,component-02,90,지리산쌍계사&화개장터,,f_4885031023_p_6e09cc19cc5c45e0,90,지리산쌍계사&화개장터,2025-2026 한국관광 100선 공식 선정지,"{""region"":""경남"",""official_entry_type"":""composite"",""feature_match_confidence"":""high"",""feature_match_reasons"":[""복합 대상의 지리산 쌍계사 일원 국가유산과 화개장터 공공 Feature를 확인함""],""feature_match_partial"":false}"
korean-tourism-100:2025-2026,korean-tourism-100,한국관광 100선,관광 선정,2025-2026 한국관광 100선,2025-2026,,korea-tourism-organization,korean-tourism-100-2025-2026,문화체육관광부·한국관광공사,https://korean.visitkorea.or.kr/other/other_list.do?otdid=622bcd99-84fa-11e8-8165-020027310001,kt100-2025-2026-091,primary,91,우포늪,,f_4874035024_p_548121d0ea8c86f7,91,우포늪,2025-2026 한국관광 100선 공식 선정지,"{""region"":""경남"",""official_entry_type"":""single"",""feature_match_confidence"":""high"",""feature_match_reasons"":[""확인된 명칭 변형이 같은 공식 장소를 가리킴""],""feature_match_partial"":false}"
korean-tourism-100:2025-2026,korean-tourism-100,한국관광 100선,관광 선정,2025-2026 한국관광 100선,2025-2026,,korea-tourism-organization,korean-tourism-100-2025-2026,문화체육관광부·한국관광공사,https://korean.visitkorea.or.kr/other/other_list.do?otdid=622bcd99-84fa-11e8-8165-020027310001,kt100-2025-2026-092,primary,92,사천바다케이블카&아라마루 아쿠아리움,,,92,사천바다케이블카&아라마루 아쿠아리움,2025-2026 한국관광 100선 공식 선정지,"{""region"":""경남"",""official_entry_type"":""composite"",""feature_match_confidence"":""review"",""feature_match_reasons"":[""지역이 맞는 공공 후보가 있으나 명칭이 동일 장소라고 단정할 수 없어 Feature ID를 채택하지 않음""],""feature_match_partial"":false,""feature_match_status"":""unresolved""}"
korean-tourism-100:2025-2026,korean-tourism-100,한국관광 100선,관광 선정,2025-2026 한국관광 100선,2025-2026,,korea-tourism-organization,korean-tourism-100-2025-2026,문화체육관광부·한국관광공사,https://korean.visitkorea.or.kr/other/other_list.do?otdid=622bcd99-84fa-11e8-8165-020027310001,kt100-2025-2026-093,primary,93,동의보감촌,,,93,동의보감촌,2025-2026 한국관광 100선 공식 선정지,"{""region"":""경남"",""official_entry_type"":""single"",""feature_match_confidence"":""unmatched"",""feature_match_reasons"":[""제공된 운영 후보에서 동일 장소로 안전하게 판단할 Feature를 찾지 못함""],""feature_match_partial"":false,""feature_match_status"":""unresolved""}"
korean-tourism-100:2025-2026,korean-tourism-100,한국관광 100선,관광 선정,2025-2026 한국관광 100선,2025-2026,,korea-tourism-organization,korean-tourism-100-2025-2026,문화체육관광부·한국관광공사,https://korean.visitkorea.or.kr/other/other_list.do?otdid=622bcd99-84fa-11e8-8165-020027310001,kt100-2025-2026-094,primary,94,통영 디피랑,,,94,통영 디피랑,2025-2026 한국관광 100선 공식 선정지,"{""region"":""경남"",""official_entry_type"":""single"",""feature_match_confidence"":""review"",""feature_match_reasons"":[""지역이 맞는 공공 후보가 있으나 명칭이 동일 장소라고 단정할 수 없어 Feature ID를 채택하지 않음""],""feature_match_partial"":false,""feature_match_status"":""unresolved""}"
korean-tourism-100:2025-2026,korean-tourism-100,한국관광 100선,관광 선정,2025-2026 한국관광 100선,2025-2026,,korea-tourism-organization,korean-tourism-100-2025-2026,문화체육관광부·한국관광공사,https://korean.visitkorea.or.kr/other/other_list.do?otdid=622bcd99-84fa-11e8-8165-020027310001,kt100-2025-2026-095,primary,95,한라산국립공원,,,95,한라산국립공원,2025-2026 한국관광 100선 공식 선정지,"{""region"":""제주"",""official_entry_type"":""single"",""feature_match_confidence"":""review"",""feature_match_reasons"":[""지역이 맞는 공공 후보가 있으나 명칭이 동일 장소라고 단정할 수 없어 Feature ID를 채택하지 않음""],""feature_match_partial"":false,""feature_match_status"":""unresolved""}"
korean-tourism-100:2025-2026,korean-tourism-100,한국관광 100선,관광 선정,2025-2026 한국관광 100선,2025-2026,,korea-tourism-organization,korean-tourism-100-2025-2026,문화체육관광부·한국관광공사,https://korean.visitkorea.or.kr/other/other_list.do?otdid=622bcd99-84fa-11e8-8165-020027310001,kt100-2025-2026-096,primary,96,성산일출봉,,f_5013025900_p_6291f61809c12a84,96,성산일출봉,2025-2026 한국관광 100선 공식 선정지,"{""region"":""제주"",""official_entry_type"":""single"",""feature_match_confidence"":""high"",""feature_match_reasons"":[""확인된 명칭 변형이 같은 공식 장소를 가리킴""],""feature_match_partial"":false}"
korean-tourism-100:2025-2026,korean-tourism-100,한국관광 100선,관광 선정,2025-2026 한국관광 100선,2025-2026,,korea-tourism-organization,korean-tourism-100-2025-2026,문화체육관광부·한국관광공사,https://korean.visitkorea.or.kr/other/other_list.do?otdid=622bcd99-84fa-11e8-8165-020027310001,kt100-2025-2026-097,primary,97,제주올레길,,,97,제주올레길,2025-2026 한국관광 100선 공식 선정지,"{""region"":""제주"",""official_entry_type"":""single"",""feature_match_confidence"":""review"",""feature_match_reasons"":[""지역이 맞는 공공 후보가 있으나 명칭이 동일 장소라고 단정할 수 없어 Feature ID를 채택하지 않음""],""feature_match_partial"":false,""feature_match_status"":""unresolved""}"
korean-tourism-100:2025-2026,korean-tourism-100,한국관광 100선,관광 선정,2025-2026 한국관광 100선,2025-2026,,korea-tourism-organization,korean-tourism-100-2025-2026,문화체육관광부·한국관광공사,https://korean.visitkorea.or.kr/other/other_list.do?otdid=622bcd99-84fa-11e8-8165-020027310001,kt100-2025-2026-098,primary,98,우도,,,98,우도,2025-2026 한국관광 100선 공식 선정지,"{""region"":""제주"",""official_entry_type"":""single"",""feature_match_confidence"":""review"",""feature_match_reasons"":[""지역이 맞는 공공 후보가 있으나 명칭이 동일 장소라고 단정할 수 없어 Feature ID를 채택하지 않음""],""feature_match_partial"":false,""feature_match_status"":""unresolved""}"
korean-tourism-100:2025-2026,korean-tourism-100,한국관광 100선,관광 선정,2025-2026 한국관광 100선,2025-2026,,korea-tourism-organization,korean-tourism-100-2025-2026,문화체육관광부·한국관광공사,https://korean.visitkorea.or.kr/other/other_list.do?otdid=622bcd99-84fa-11e8-8165-020027310001,kt100-2025-2026-099,primary,99,비자림,,,99,비자림,2025-2026 한국관광 100선 공식 선정지,"{""region"":""제주"",""official_entry_type"":""single"",""feature_match_confidence"":""unmatched"",""feature_match_reasons"":[""제공된 운영 후보에서 동일 장소로 안전하게 판단할 Feature를 찾지 못함""],""feature_match_partial"":false,""feature_match_status"":""unresolved""}"
korean-tourism-100:2025-2026,korean-tourism-100,한국관광 100선,관광 선정,2025-2026 한국관광 100선,2025-2026,,korea-tourism-organization,korean-tourism-100-2025-2026,문화체육관광부·한국관광공사,https://korean.visitkorea.or.kr/other/other_list.do?otdid=622bcd99-84fa-11e8-8165-020027310001,kt100-2025-2026-100,primary,100,제주 머체왓숲길,,,100,제주 머체왓숲길,2025-2026 한국관광 100선 공식 선정지,"{""region"":""제주"",""official_entry_type"":""single"",""feature_match_confidence"":""review"",""feature_match_reasons"":[""지역이 맞는 공공 후보가 있으나 명칭이 동일 장소라고 단정할 수 없어 Feature ID를 채택하지 않음""],""feature_match_partial"":false,""feature_match_status"":""unresolved""}"
